--
-- Generated by the Bel FFT Configuration Wizard
--
DEPTH = 4096;
WIDTH = 64;
ADDRESS_RADIX = HEX;
DATA_RADIX = HEX;
CONTENT BEGIN
0000: 7FFFFFFF00000000;
0001: 7FFFF620003243F5;
0002: 7FFFD885006487E3;
0003: 7FFFA72B0096CBC1;
0004: 7FFF621500C90F88;
0005: 7FFF094200FB5330;
0006: 7FFE9CB1012D96B1;
0007: 7FFE1C64015FDA03;
0008: 7FFD885901921D20;
0009: 7FFCE09201C45FFE;
000A: 7FFC250E01F6A297;
000B: 7FFB55CD0228E4E2;
000C: 7FFA72D0025B26D7;
000D: 7FF97C17028D6870;
000E: 7FF871A102BFA9A4;
000F: 7FF7536F02F1EA6C;
0010: 7FF6218103242ABF;
0011: 7FF4DBD803566A96;
0012: 7FF382730388A9EA;
0013: 7FF2155203BAE8B2;
0014: 7FF0947703ED26E6;
0015: 7FEEFFE0041F6480;
0016: 7FED57900451A177;
0017: 7FEB9B840483DDC3;
0018: 7FE9CBBF04B6195D;
0019: 7FE7E84004E8543E;
001A: 7FE5F107051A8E5C;
001B: 7FE3E615054CC7B1;
001C: 7FE1C76A057F0035;
001D: 7FDF950705B137DF;
001E: 7FDD4EEB05E36EA9;
001F: 7FDAF5180615A48B;
0020: 7FD8878D0647D97C;
0021: 7FD6064B067A0D76;
0022: 7FD3715206AC406F;
0023: 7FD0C8A206DE7262;
0024: 7FCE0C3D0710A345;
0025: 7FCB3C220742D311;
0026: 7FC85853077501BE;
0027: 7FC560CE07A72F45;
0028: 7FC2559507D95B9E;
0029: 7FBF36A9080B86C2;
002A: 7FBC0409083DB0A7;
002B: 7FB8BDB7086FD947;
002C: 7FB563B208A2009A;
002D: 7FB1F5FB08D42699;
002E: 7FAE749409064B3A;
002F: 7FAADF7B09386E78;
0030: 7FA736B3096A9049;
0031: 7FA37A3B099CB0A7;
0032: 7F9FAA1409CECF89;
0033: 7F9BC63F0A00ECE8;
0034: 7F97CEBC0A3308BC;
0035: 7F93C38B0A6522FE;
0036: 7F8FA4AF0A973BA5;
0037: 7F8B72260AC952AA;
0038: 7F872BF20AFB6805;
0039: 7F82D2130B2D7BAF;
003A: 7F7E648B0B5F8D9F;
003B: 7F79E3590B919DCE;
003C: 7F754E7F0BC3AC35;
003D: 7F70A5FD0BF5B8CB;
003E: 7F6BE9D30C27C389;
003F: 7F671A040C59CC67;
0040: 7F62368E0C8BD35E;
0041: 7F5D3F740CBDD865;
0042: 7F5834B60CEFDB75;
0043: 7F5316540D21DC87;
0044: 7F4DE4500D53DB92;
0045: 7F489EA90D85D88F;
0046: 7F4345620DB7D376;
0047: 7F3DD87B0DE9CC3F;
0048: 7F3857F50E1BC2E4;
0049: 7F32C3D00E4DB75B;
004A: 7F2D1C0D0E7FA99D;
004B: 7F2760AE0EB199A4;
004C: 7F2191B30EE38766;
004D: 7F1BAF1D0F1572DC;
004E: 7F15B8ED0F475BFF;
004F: 7F0FAF240F7942C6;
0050: 7F0991C30FAB272B;
0051: 7F0360CA0FDD0925;
0052: 7EFD1C3B100EE8AD;
0053: 7EF6C4171040C5BB;
0054: 7EF0585F1072A048;
0055: 7EE9D91310A4784B;
0056: 7EE3463510D64DBD;
0057: 7EDC9FC511082096;
0058: 7ED5E5C51139F0CF;
0059: 7ECF1836116BBE60;
005A: 7EC83719119D8941;
005B: 7EC1426F11CF516A;
005C: 7EBA3A38120116D5;
005D: 7EB31E771232D979;
005E: 7EABEF2B1264994E;
005F: 7EA4AC571296564D;
0060: 7E9D55FB12C8106E;
0061: 7E95EC1912F9C7AA;
0062: 7E8E6EB1132B7BF9;
0063: 7E86DDC5135D2D53;
0064: 7E7F3956138EDBB1;
0065: 7E77816513C0870A;
0066: 7E6FB5F313F22F58;
0067: 7E67D7021423D492;
0068: 7E5FE492145576B1;
0069: 7E57DEA6148715AD;
006A: 7E4FC53D14B8B17F;
006B: 7E47985A14EA4A1F;
006C: 7E3F57FE151BDF85;
006D: 7E370429154D71AA;
006E: 7E2E9CDE157F0086;
006F: 7E26221E15B08C11;
0070: 7E1D93E915E21444;
0071: 7E14F24116139917;
0072: 7E0C3D2816451A83;
0073: 7E03749F1676987F;
0074: 7DFA98A716A81305;
0075: 7DF1A94116D98A0C;
0076: 7DE8A66F170AFD8D;
0077: 7DDF9033173C6D80;
0078: 7DD6668E176DD9DE;
0079: 7DCD2980179F429F;
007A: 7DC3D90C17D0A7BC;
007B: 7DBA75331802092C;
007C: 7DB0FDF7183366E8;
007D: 7DA773581864C0EA;
007E: 7D9DD55918961728;
007F: 7D9423FB18C7699B;
0080: 7D8A5F3F18F8B83C;
0081: 7D808727192A0304;
0082: 7D769BB4195B49EA;
0083: 7D6C9CE8198C8CE6;
0084: 7D628AC519BDCBF3;
0085: 7D58654C19EF0707;
0086: 7D4E2C7E1A203E1B;
0087: 7D43E05D1A517128;
0088: 7D3980EB1A82A025;
0089: 7D2F0E2A1AB3CB0D;
008A: 7D24881A1AE4F1D6;
008B: 7D19EEBE1B161479;
008C: 7D0F42171B4732EF;
008D: 7D0482271B784D30;
008E: 7CF9AEEF1BA96335;
008F: 7CEEC8721BDA74F5;
0090: 7CE3CEB11C0B826A;
0091: 7CD8C1AD1C3C8B8C;
0092: 7CCDA1681C6D9053;
0093: 7CC26DE41C9E90B8;
0094: 7CB727231CCF8CB3;
0095: 7CABCD271D00843C;
0096: 7CA05FF01D31774D;
0097: 7C94DF821D6265DD;
0098: 7C894BDD1D934FE5;
0099: 7C7DA5041DC4355D;
009A: 7C71EAF81DF5163F;
009B: 7C661DBB1E25F281;
009C: 7C5A3D4F1E56CA1E;
009D: 7C4E49B61E879D0D;
009E: 7C4242F11EB86B46;
009F: 7C3629031EE934C3;
00A0: 7C29FBED1F19F97B;
00A1: 7C1DBBB21F4AB967;
00A2: 7C1168521F7B7480;
00A3: 7C0501D11FAC2ABF;
00A4: 7BF8882F1FDCDC1B;
00A5: 7BEBFB6F200D888D;
00A6: 7BDF5B93203E300D;
00A7: 7BD2A89D206ED295;
00A8: 7BC5E28F209F701C;
00A9: 7BB9096A20D0089C;
00AA: 7BAC1D3021009C0C;
00AB: 7B9F1DE521312A65;
00AC: 7B920B882161B39F;
00AD: 7B84E61E219237B4;
00AE: 7B77ADA721C2B69C;
00AF: 7B6A622621F3304F;
00B0: 7B5D039D2223A4C5;
00B1: 7B4F920D225413F8;
00B2: 7B420D7922847DDF;
00B3: 7B3475E422B4E274;
00B4: 7B26CB4E22E541AF;
00B5: 7B190DBB23159B88;
00B6: 7B0B3D2B2345EFF8;
00B7: 7AFD59A323763EF7;
00B8: 7AEF632323A6887E;
00B9: 7AE159AD23D6CC86;
00BA: 7AD33D4424070B07;
00BB: 7AC50DEB243743FA;
00BC: 7AB6CBA324677757;
00BD: 7AA8766E2497A517;
00BE: 7A9A0E4F24C7CD32;
00BF: 7A8B934724F7EFA2;
00C0: 7A7D055A25280C5D;
00C1: 7A6E64892558235E;
00C2: 7A5FB0D72588349D;
00C3: 7A50EA4625B84012;
00C4: 7A4210D825E845B6;
00C5: 7A33248F26184581;
00C6: 7A24256E26483F6C;
00C7: 7A15137726783370;
00C8: 7A05EEAC26A82185;
00C9: 79F6B71026D809A5;
00CA: 79E76CA62707EBC6;
00CB: 79D80F6E2737C7E3;
00CC: 79C89F6D27679DF4;
00CD: 79B91CA327976DF1;
00CE: 79A9871527C737D3;
00CF: 7999DEC327F6FB92;
00D0: 798A23B02826B928;
00D1: 797A55E02856708D;
00D2: 796A7553288621B9;
00D3: 795A820D28B5CCA5;
00D4: 794A7C1128E5714A;
00D5: 793A636029150FA1;
00D6: 792A37FD2944A7A2;
00D7: 7919F9EB29743946;
00D8: 7909A92C29A3C485;
00D9: 78F945C229D34958;
00DA: 78E8CFB12A02C7B8;
00DB: 78D846FA2A323F9D;
00DC: 78C7ABA12A61B101;
00DD: 78B6FDA72A911BDC;
00DE: 78A63D102AC08026;
00DF: 789569DE2AEFDDD8;
00E0: 788484132B1F34EB;
00E1: 78738BB22B4E8558;
00E2: 786280BF2B7DCF17;
00E3: 7851633A2BAD1221;
00E4: 784033282BDC4E6F;
00E5: 782EF08A2C0B83F9;
00E6: 781D9B642C3AB2B9;
00E7: 780C33B72C69DAA6;
00E8: 77FAB9882C98FBBA;
00E9: 77E92CD82CC815EE;
00EA: 77D78DA92CF72939;
00EB: 77C5DC002D263595;
00EC: 77B417DF2D553AFB;
00ED: 77A241472D843963;
00EE: 7790583D2DB330C7;
00EF: 777E5CC22DE2211E;
00F0: 776C4EDA2E110A62;
00F1: 775A2E882E3FEC8B;
00F2: 7747FBCD2E6EC792;
00F3: 7735B6AE2E9D9B70;
00F4: 77235F2C2ECC681E;
00F5: 7710F54B2EFB2D94;
00F6: 76FE790D2F29EBCC;
00F7: 76EBEA762F58A2BD;
00F8: 76D949882F875262;
00F9: 76C696462FB5FAB2;
00FA: 76B3D0B32FE49BA7;
00FB: 76A0F8D130133538;
00FC: 768E0EA53041C760;
00FD: 767B123030705217;
00FE: 76680375309ED556;
00FF: 7654E27830CD5115;
0100: 7641AF3C30FBC54D;
0101: 762E69C3312A31F8;
0102: 761B12103158970D;
0103: 7607A8273186F487;
0104: 75F42C0A31B54A5D;
0105: 75E09DBC31E39889;
0106: 75CCFD413211DF03;
0107: 75B94A9C32401DC5;
0108: 75A585CE326E54C7;
0109: 7591AEDC329C8402;
010A: 757DC5C932CAAB6F;
010B: 7569CA9832F8CB07;
010C: 7555BD4B3326E2C2;
010D: 75419DE63354F29A;
010E: 752D6C6B3382FA88;
010F: 751928DF33B0FA84;
0110: 7504D34433DEF287;
0111: 74F06B9E340CE28A;
0112: 74DBF1EE343ACA87;
0113: 74C7663A3468AA76;
0114: 74B2C8833496824F;
0115: 749E18CD34C4520D;
0116: 7489571B34F219A7;
0117: 74748370351FD918;
0118: 745F9DD0354D9056;
0119: 744AA63E357B3F5D;
011A: 74359CBC35A8E624;
011B: 7420814F35D684A5;
011C: 740B53FA36041AD9;
011D: 73F614BF3631A8B8;
011E: 73E0C3A2365F2E3B;
011F: 73CB60A7368CAB5C;
0120: 73B5EBD036BA2013;
0121: 73A0652136E78C5A;
0122: 738ACC9D3714F02A;
0123: 7375224837424B7A;
0124: 735F6625376F9E46;
0125: 73499837379CE884;
0126: 7333B88237CA2A30;
0127: 731DC70937F76340;
0128: 7307C3CF382493B0;
0129: 72F1AED83851BB76;
012A: 72DB8827387EDA8E;
012B: 72C54FC038ABF0EF;
012C: 72AF05A638D8FE93;
012D: 7298A9DC39060372;
012E: 72823C663932FF87;
012F: 726BBD48395FF2C9;
0130: 72552C84398CDD32;
0131: 723E8A1F39B9BEBB;
0132: 7227D61B39E6975D;
0133: 7211107D3A136712;
0134: 71FA39483A402DD1;
0135: 71E3507F3A6CEB95;
0136: 71CC56263A99A057;
0137: 71B54A403AC64C0F;
0138: 719E2CD13AF2EEB7;
0139: 7186FDDD3B1F8847;
013A: 716FBD673B4C18B9;
013B: 71586B733B78A007;
013C: 714108043BA51E29;
013D: 7129931E3BD19317;
013E: 71120CC43BFDFECD;
013F: 70FA74FB3C2A6142;
0140: 70E2CBC53C56BA70;
0141: 70CB11273C830A4F;
0142: 70B345243CAF50DA;
0143: 709B67C03CDB8E09;
0144: 708378FE3D07C1D5;
0145: 706B78E23D33EC39;
0146: 705367703D600D2B;
0147: 703B44AC3D8C24A7;
0148: 702310993DB832A5;
0149: 700ACB3B3DE4371F;
014A: 6FF274963E10320D;
014B: 6FDA0CAD3E3C2369;
014C: 6FC193843E680B2C;
014D: 6FA909203E93E94F;
014E: 6F906D833EBFBDCC;
014F: 6F77C0B23EEB889C;
0150: 6F5F02B13F1749B7;
0151: 6F4633833F430118;
0152: 6F2D532B3F6EAEB8;
0153: 6F1461AF3F9A528F;
0154: 6EFB5F113FC5EC97;
0155: 6EE24B563FF17CCA;
0156: 6EC92682401D0320;
0157: 6EAFF09840487F93;
0158: 6E96A99C4073F21D;
0159: 6E7D5192409F5AB6;
015A: 6E63E87F40CAB957;
015B: 6E4A6E6540F60DFB;
015C: 6E30E3494121589A;
015D: 6E17472F414C992E;
015E: 6DFD9A1B4177CFB0;
015F: 6DE3DC1041A2FC1A;
0160: 6DCA0D1441CE1E64;
0161: 6DB02D2841F93688;
0162: 6D963C5342244480;
0163: 6D7C3A97424F4845;
0164: 6D6227F9427A41D0;
0165: 6D48047D42A5311A;
0166: 6D2DD02742D0161E;
0167: 6D138AFA42FAF0D3;
0168: 6CF934FB4325C135;
0169: 6CDECE2E4350873C;
016A: 6CC45697437B42E1;
016B: 6CA9CE3A43A5F41E;
016C: 6C8F351B43D09AEC;
016D: 6C748B3F43FB3745;
016E: 6C59D0A84425C923;
016F: 6C3F055D4450507E;
0170: 6C24295F447ACD50;
0171: 6C093CB544A53F93;
0172: 6BEE3F6244CFA73F;
0173: 6BD3316944FA044F;
0174: 6BB812D0452456BC;
0175: 6B9CE39A454E9E80;
0176: 6B81A3CC4578DB93;
0177: 6B66536A45A30DEF;
0178: 6B4AF27845CD358F;
0179: 6B2F80FA45F7526B;
017A: 6B13FEF44621647C;
017B: 6AF86C6B464B6BBD;
017C: 6ADCC96446756827;
017D: 6AC115E1469F59B4;
017E: 6AA551E846C9405C;
017F: 6A897D7D46F31C19;
0180: 6A6D98A3471CECE6;
0181: 6A51A3614746B2BB;
0182: 6A359DB847706D93;
0183: 6A1987AF479A1D66;
0184: 69FD614A47C3C22E;
0185: 69E12A8C47ED5BE6;
0186: 69C4E37A4816EA85;
0187: 69A88C1848406E07;
0188: 698C246B4869E664;
0189: 696FAC7848935397;
018A: 6953244148BCB598;
018B: 69368BCD48E60C62;
018C: 6919E31F490F57EE;
018D: 68FD2A3C49389835;
018E: 68E061294961CD32;
018F: 68C387E8498AF6DE;
0190: 68A69E8049B41533;
0191: 6889A4F549DD282A;
0192: 686C9B4A4A062FBD;
0193: 684F81854A2F2BE5;
0194: 683257AA4A581C9D;
0195: 68151DBE4A8101DE;
0196: 67F7D3C44AA9DBA1;
0197: 67DA79C24AD2A9E1;
0198: 67BD0FBC4AFB6C97;
0199: 679F95B64B2423BD;
019A: 67820BB64B4CCF4D;
019B: 676471BF4B756F3F;
019C: 6746C7D74B9E038F;
019D: 67290E014BC68C36;
019E: 670B44434BEF092C;
019F: 66ED6AA14C177A6E;
01A0: 66CF811F4C3FDFF3;
01A1: 66B187C34C6839B6;
01A2: 66937E904C9087B1;
01A3: 6675658C4CB8C9DD;
01A4: 66573CBB4CE10034;
01A5: 663904214D092AB0;
01A6: 661ABBC44D31494A;
01A7: 65FC63A84D595BFE;
01A8: 65DDFBD24D8162C3;
01A9: 65BF84474DA95D95;
01AA: 65A0FD0A4DD14C6D;
01AB: 658266224DF92F45;
01AC: 6563BF914E210617;
01AD: 6545095F4E48D0DC;
01AE: 6526438E4E708F8F;
01AF: 65076E244E984229;
01B0: 64E889254EBFE8A4;
01B1: 64C994974EE782FA;
01B2: 64AA907E4F0F1125;
01B3: 648B7CDF4F369320;
01B4: 646C59BF4F5E08E2;
01B5: 644D27214F857268;
01B6: 642DE50D4FACCFAA;
01B7: 640E93854FD420A3;
01B8: 63EF328F4FFB654C;
01B9: 63CFC23050229DA0;
01BA: 63B0426C5049C998;
01BB: 6390B3495070E92F;
01BC: 637114CC5097FC5E;
01BD: 635166F850BF031F;
01BE: 6331A9D450E5FD6C;
01BF: 6311DD63510CEB40;
01C0: 62F201AC5133CC94;
01C1: 62D216B2515AA162;
01C2: 62B21C7B518169A4;
01C3: 6292130B51A82555;
01C4: 6271FA6851CED46E;
01C5: 6251D29751F576E9;
01C6: 62319B9C521C0CC1;
01C7: 6211557D524295EF;
01C8: 61F1003E5269126E;
01C9: 61D09BE5528F8237;
01CA: 61B0287652B5E545;
01CB: 618FA5F652DC3B92;
01CC: 616F146B53028517;
01CD: 614E73D95328C1CF;
01CE: 612DC446534EF1B5;
01CF: 610D05B6537514C1;
01D0: 60EC382F539B2AEF;
01D1: 60CB5BB653C13438;
01D2: 60AA704F53E73097;
01D3: 60897600540D2005;
01D4: 60686CCE5433027D;
01D5: 604754BE5458D7F9;
01D6: 60262DD5547EA073;
01D7: 6004F81854A45BE5;
01D8: 5FE3B38D54CA0A4A;
01D9: 5FC2603854EFAB9B;
01DA: 5FA0FE1E55153FD4;
01DB: 5F7F8D45553AC6ED;
01DC: 5F5E0DB2556040E2;
01DD: 5F3C7F6A5585ADAC;
01DE: 5F1AE27355AB0D46;
01DF: 5EF936D155D05FAA;
01E0: 5ED77C8955F5A4D2;
01E1: 5EB5B3A1561ADCB8;
01E2: 5E93DC1E56400757;
01E3: 5E71F606566524A9;
01E4: 5E50015D568A34A9;
01E5: 5E2DFE2856AF3750;
01E6: 5E0BEC6E56D42C99;
01E7: 5DE9CC3256F9147E;
01E8: 5DC79D7B571DEEF9;
01E9: 5DA5604E5742BC05;
01EA: 5D8314B057677B9C;
01EB: 5D60BAA6578C2DB9;
01EC: 5D3E523657B0D255;
01ED: 5D1BDB6557D5696C;
01EE: 5CF9563757F9F2F7;
01EF: 5CD6C2B4581E6EF1;
01F0: 5CB420DF5842DD54;
01F1: 5C9170BE58673E1A;
01F2: 5C6EB258588B913F;
01F3: 5C4BE5AF58AFD6BC;
01F4: 5C290ACC58D40E8C;
01F5: 5C0621B258F838A9;
01F6: 5BE32A66591C550D;
01F7: 5BC024F0594063B4;
01F8: 5B9D115359646497;
01F9: 5B79EF95598857B1;
01FA: 5B56BFBC59AC3CFD;
01FB: 5B3381CE59D01474;
01FC: 5B1035CE59F3DE12;
01FD: 5AECDBC45A1799D0;
01FE: 5AC973B45A3B47AA;
01FF: 5AA5FDA45A5EE799;
0200: 5A8279995A827999;
0201: 5A5EE7995AA5FDA4;
0202: 5A3B47AA5AC973B4;
0203: 5A1799D05AECDBC4;
0204: 59F3DE125B1035CE;
0205: 59D014745B3381CE;
0206: 59AC3CFD5B56BFBC;
0207: 598857B15B79EF95;
0208: 596464975B9D1153;
0209: 594063B45BC024F0;
020A: 591C550D5BE32A66;
020B: 58F838A95C0621B2;
020C: 58D40E8C5C290ACC;
020D: 58AFD6BC5C4BE5AF;
020E: 588B913F5C6EB258;
020F: 58673E1A5C9170BE;
0210: 5842DD545CB420DF;
0211: 581E6EF15CD6C2B4;
0212: 57F9F2F75CF95637;
0213: 57D5696C5D1BDB65;
0214: 57B0D2555D3E5236;
0215: 578C2DB95D60BAA6;
0216: 57677B9C5D8314B0;
0217: 5742BC055DA5604E;
0218: 571DEEF95DC79D7B;
0219: 56F9147E5DE9CC32;
021A: 56D42C995E0BEC6E;
021B: 56AF37505E2DFE28;
021C: 568A34A95E50015D;
021D: 566524A95E71F606;
021E: 564007575E93DC1E;
021F: 561ADCB85EB5B3A1;
0220: 55F5A4D25ED77C89;
0221: 55D05FAA5EF936D1;
0222: 55AB0D465F1AE273;
0223: 5585ADAC5F3C7F6A;
0224: 556040E25F5E0DB2;
0225: 553AC6ED5F7F8D45;
0226: 55153FD45FA0FE1E;
0227: 54EFAB9B5FC26038;
0228: 54CA0A4A5FE3B38D;
0229: 54A45BE56004F818;
022A: 547EA07360262DD5;
022B: 5458D7F9604754BE;
022C: 5433027D60686CCE;
022D: 540D200560897600;
022E: 53E7309760AA704F;
022F: 53C1343860CB5BB6;
0230: 539B2AEF60EC382F;
0231: 537514C1610D05B6;
0232: 534EF1B5612DC446;
0233: 5328C1CF614E73D9;
0234: 53028517616F146B;
0235: 52DC3B92618FA5F6;
0236: 52B5E54561B02876;
0237: 528F823761D09BE5;
0238: 5269126E61F1003E;
0239: 524295EF6211557D;
023A: 521C0CC162319B9C;
023B: 51F576E96251D297;
023C: 51CED46E6271FA68;
023D: 51A825556292130B;
023E: 518169A462B21C7B;
023F: 515AA16262D216B2;
0240: 5133CC9462F201AC;
0241: 510CEB406311DD63;
0242: 50E5FD6C6331A9D4;
0243: 50BF031F635166F8;
0244: 5097FC5E637114CC;
0245: 5070E92F6390B349;
0246: 5049C99863B0426C;
0247: 50229DA063CFC230;
0248: 4FFB654C63EF328F;
0249: 4FD420A3640E9385;
024A: 4FACCFAA642DE50D;
024B: 4F857268644D2721;
024C: 4F5E08E2646C59BF;
024D: 4F369320648B7CDF;
024E: 4F0F112564AA907E;
024F: 4EE782FA64C99497;
0250: 4EBFE8A464E88925;
0251: 4E98422965076E24;
0252: 4E708F8F6526438E;
0253: 4E48D0DC6545095F;
0254: 4E2106176563BF91;
0255: 4DF92F4565826622;
0256: 4DD14C6D65A0FD0A;
0257: 4DA95D9565BF8447;
0258: 4D8162C365DDFBD2;
0259: 4D595BFE65FC63A8;
025A: 4D31494A661ABBC4;
025B: 4D092AB066390421;
025C: 4CE1003466573CBB;
025D: 4CB8C9DD6675658C;
025E: 4C9087B166937E90;
025F: 4C6839B666B187C3;
0260: 4C3FDFF366CF811F;
0261: 4C177A6E66ED6AA1;
0262: 4BEF092C670B4443;
0263: 4BC68C3667290E01;
0264: 4B9E038F6746C7D7;
0265: 4B756F3F676471BF;
0266: 4B4CCF4D67820BB6;
0267: 4B2423BD679F95B6;
0268: 4AFB6C9767BD0FBC;
0269: 4AD2A9E167DA79C2;
026A: 4AA9DBA167F7D3C4;
026B: 4A8101DE68151DBE;
026C: 4A581C9D683257AA;
026D: 4A2F2BE5684F8185;
026E: 4A062FBD686C9B4A;
026F: 49DD282A6889A4F5;
0270: 49B4153368A69E80;
0271: 498AF6DE68C387E8;
0272: 4961CD3268E06129;
0273: 4938983568FD2A3C;
0274: 490F57EE6919E31F;
0275: 48E60C6269368BCD;
0276: 48BCB59869532441;
0277: 48935397696FAC78;
0278: 4869E664698C246B;
0279: 48406E0769A88C18;
027A: 4816EA8569C4E37A;
027B: 47ED5BE669E12A8C;
027C: 47C3C22E69FD614A;
027D: 479A1D666A1987AF;
027E: 47706D936A359DB8;
027F: 4746B2BB6A51A361;
0280: 471CECE66A6D98A3;
0281: 46F31C196A897D7D;
0282: 46C9405C6AA551E8;
0283: 469F59B46AC115E1;
0284: 467568276ADCC964;
0285: 464B6BBD6AF86C6B;
0286: 4621647C6B13FEF4;
0287: 45F7526B6B2F80FA;
0288: 45CD358F6B4AF278;
0289: 45A30DEF6B66536A;
028A: 4578DB936B81A3CC;
028B: 454E9E806B9CE39A;
028C: 452456BC6BB812D0;
028D: 44FA044F6BD33169;
028E: 44CFA73F6BEE3F62;
028F: 44A53F936C093CB5;
0290: 447ACD506C24295F;
0291: 4450507E6C3F055D;
0292: 4425C9236C59D0A8;
0293: 43FB37456C748B3F;
0294: 43D09AEC6C8F351B;
0295: 43A5F41E6CA9CE3A;
0296: 437B42E16CC45697;
0297: 4350873C6CDECE2E;
0298: 4325C1356CF934FB;
0299: 42FAF0D36D138AFA;
029A: 42D0161E6D2DD027;
029B: 42A5311A6D48047D;
029C: 427A41D06D6227F9;
029D: 424F48456D7C3A97;
029E: 422444806D963C53;
029F: 41F936886DB02D28;
02A0: 41CE1E646DCA0D14;
02A1: 41A2FC1A6DE3DC10;
02A2: 4177CFB06DFD9A1B;
02A3: 414C992E6E17472F;
02A4: 4121589A6E30E349;
02A5: 40F60DFB6E4A6E65;
02A6: 40CAB9576E63E87F;
02A7: 409F5AB66E7D5192;
02A8: 4073F21D6E96A99C;
02A9: 40487F936EAFF098;
02AA: 401D03206EC92682;
02AB: 3FF17CCA6EE24B56;
02AC: 3FC5EC976EFB5F11;
02AD: 3F9A528F6F1461AF;
02AE: 3F6EAEB86F2D532B;
02AF: 3F4301186F463383;
02B0: 3F1749B76F5F02B1;
02B1: 3EEB889C6F77C0B2;
02B2: 3EBFBDCC6F906D83;
02B3: 3E93E94F6FA90920;
02B4: 3E680B2C6FC19384;
02B5: 3E3C23696FDA0CAD;
02B6: 3E10320D6FF27496;
02B7: 3DE4371F700ACB3B;
02B8: 3DB832A570231099;
02B9: 3D8C24A7703B44AC;
02BA: 3D600D2B70536770;
02BB: 3D33EC39706B78E2;
02BC: 3D07C1D5708378FE;
02BD: 3CDB8E09709B67C0;
02BE: 3CAF50DA70B34524;
02BF: 3C830A4F70CB1127;
02C0: 3C56BA7070E2CBC5;
02C1: 3C2A614270FA74FB;
02C2: 3BFDFECD71120CC4;
02C3: 3BD193177129931E;
02C4: 3BA51E2971410804;
02C5: 3B78A00771586B73;
02C6: 3B4C18B9716FBD67;
02C7: 3B1F88477186FDDD;
02C8: 3AF2EEB7719E2CD1;
02C9: 3AC64C0F71B54A40;
02CA: 3A99A05771CC5626;
02CB: 3A6CEB9571E3507F;
02CC: 3A402DD171FA3948;
02CD: 3A1367127211107D;
02CE: 39E6975D7227D61B;
02CF: 39B9BEBB723E8A1F;
02D0: 398CDD3272552C84;
02D1: 395FF2C9726BBD48;
02D2: 3932FF8772823C66;
02D3: 390603727298A9DC;
02D4: 38D8FE9372AF05A6;
02D5: 38ABF0EF72C54FC0;
02D6: 387EDA8E72DB8827;
02D7: 3851BB7672F1AED8;
02D8: 382493B07307C3CF;
02D9: 37F76340731DC709;
02DA: 37CA2A307333B882;
02DB: 379CE88473499837;
02DC: 376F9E46735F6625;
02DD: 37424B7A73752248;
02DE: 3714F02A738ACC9D;
02DF: 36E78C5A73A06521;
02E0: 36BA201373B5EBD0;
02E1: 368CAB5C73CB60A7;
02E2: 365F2E3B73E0C3A2;
02E3: 3631A8B873F614BF;
02E4: 36041AD9740B53FA;
02E5: 35D684A57420814F;
02E6: 35A8E62474359CBC;
02E7: 357B3F5D744AA63E;
02E8: 354D9056745F9DD0;
02E9: 351FD91874748370;
02EA: 34F219A77489571B;
02EB: 34C4520D749E18CD;
02EC: 3496824F74B2C883;
02ED: 3468AA7674C7663A;
02EE: 343ACA8774DBF1EE;
02EF: 340CE28A74F06B9E;
02F0: 33DEF2877504D344;
02F1: 33B0FA84751928DF;
02F2: 3382FA88752D6C6B;
02F3: 3354F29A75419DE6;
02F4: 3326E2C27555BD4B;
02F5: 32F8CB077569CA98;
02F6: 32CAAB6F757DC5C9;
02F7: 329C84027591AEDC;
02F8: 326E54C775A585CE;
02F9: 32401DC575B94A9C;
02FA: 3211DF0375CCFD41;
02FB: 31E3988975E09DBC;
02FC: 31B54A5D75F42C0A;
02FD: 3186F4877607A827;
02FE: 3158970D761B1210;
02FF: 312A31F8762E69C3;
0300: 30FBC54D7641AF3C;
0301: 30CD51157654E278;
0302: 309ED55676680375;
0303: 30705217767B1230;
0304: 3041C760768E0EA5;
0305: 3013353876A0F8D1;
0306: 2FE49BA776B3D0B3;
0307: 2FB5FAB276C69646;
0308: 2F87526276D94988;
0309: 2F58A2BD76EBEA76;
030A: 2F29EBCC76FE790D;
030B: 2EFB2D947710F54B;
030C: 2ECC681E77235F2C;
030D: 2E9D9B707735B6AE;
030E: 2E6EC7927747FBCD;
030F: 2E3FEC8B775A2E88;
0310: 2E110A62776C4EDA;
0311: 2DE2211E777E5CC2;
0312: 2DB330C77790583D;
0313: 2D84396377A24147;
0314: 2D553AFB77B417DF;
0315: 2D26359577C5DC00;
0316: 2CF7293977D78DA9;
0317: 2CC815EE77E92CD8;
0318: 2C98FBBA77FAB988;
0319: 2C69DAA6780C33B7;
031A: 2C3AB2B9781D9B64;
031B: 2C0B83F9782EF08A;
031C: 2BDC4E6F78403328;
031D: 2BAD12217851633A;
031E: 2B7DCF17786280BF;
031F: 2B4E855878738BB2;
0320: 2B1F34EB78848413;
0321: 2AEFDDD8789569DE;
0322: 2AC0802678A63D10;
0323: 2A911BDC78B6FDA7;
0324: 2A61B10178C7ABA1;
0325: 2A323F9D78D846FA;
0326: 2A02C7B878E8CFB1;
0327: 29D3495878F945C2;
0328: 29A3C4857909A92C;
0329: 297439467919F9EB;
032A: 2944A7A2792A37FD;
032B: 29150FA1793A6360;
032C: 28E5714A794A7C11;
032D: 28B5CCA5795A820D;
032E: 288621B9796A7553;
032F: 2856708D797A55E0;
0330: 2826B928798A23B0;
0331: 27F6FB927999DEC3;
0332: 27C737D379A98715;
0333: 27976DF179B91CA3;
0334: 27679DF479C89F6D;
0335: 2737C7E379D80F6E;
0336: 2707EBC679E76CA6;
0337: 26D809A579F6B710;
0338: 26A821857A05EEAC;
0339: 267833707A151377;
033A: 26483F6C7A24256E;
033B: 261845817A33248F;
033C: 25E845B67A4210D8;
033D: 25B840127A50EA46;
033E: 2588349D7A5FB0D7;
033F: 2558235E7A6E6489;
0340: 25280C5D7A7D055A;
0341: 24F7EFA27A8B9347;
0342: 24C7CD327A9A0E4F;
0343: 2497A5177AA8766E;
0344: 246777577AB6CBA3;
0345: 243743FA7AC50DEB;
0346: 24070B077AD33D44;
0347: 23D6CC867AE159AD;
0348: 23A6887E7AEF6323;
0349: 23763EF77AFD59A3;
034A: 2345EFF87B0B3D2B;
034B: 23159B887B190DBB;
034C: 22E541AF7B26CB4E;
034D: 22B4E2747B3475E4;
034E: 22847DDF7B420D79;
034F: 225413F87B4F920D;
0350: 2223A4C57B5D039D;
0351: 21F3304F7B6A6226;
0352: 21C2B69C7B77ADA7;
0353: 219237B47B84E61E;
0354: 2161B39F7B920B88;
0355: 21312A657B9F1DE5;
0356: 21009C0C7BAC1D30;
0357: 20D0089C7BB9096A;
0358: 209F701C7BC5E28F;
0359: 206ED2957BD2A89D;
035A: 203E300D7BDF5B93;
035B: 200D888D7BEBFB6F;
035C: 1FDCDC1B7BF8882F;
035D: 1FAC2ABF7C0501D1;
035E: 1F7B74807C116852;
035F: 1F4AB9677C1DBBB2;
0360: 1F19F97B7C29FBED;
0361: 1EE934C37C362903;
0362: 1EB86B467C4242F1;
0363: 1E879D0D7C4E49B6;
0364: 1E56CA1E7C5A3D4F;
0365: 1E25F2817C661DBB;
0366: 1DF5163F7C71EAF8;
0367: 1DC4355D7C7DA504;
0368: 1D934FE57C894BDD;
0369: 1D6265DD7C94DF82;
036A: 1D31774D7CA05FF0;
036B: 1D00843C7CABCD27;
036C: 1CCF8CB37CB72723;
036D: 1C9E90B87CC26DE4;
036E: 1C6D90537CCDA168;
036F: 1C3C8B8C7CD8C1AD;
0370: 1C0B826A7CE3CEB1;
0371: 1BDA74F57CEEC872;
0372: 1BA963357CF9AEEF;
0373: 1B784D307D048227;
0374: 1B4732EF7D0F4217;
0375: 1B1614797D19EEBE;
0376: 1AE4F1D67D24881A;
0377: 1AB3CB0D7D2F0E2A;
0378: 1A82A0257D3980EB;
0379: 1A5171287D43E05D;
037A: 1A203E1B7D4E2C7E;
037B: 19EF07077D58654C;
037C: 19BDCBF37D628AC5;
037D: 198C8CE67D6C9CE8;
037E: 195B49EA7D769BB4;
037F: 192A03047D808727;
0380: 18F8B83C7D8A5F3F;
0381: 18C7699B7D9423FB;
0382: 189617287D9DD559;
0383: 1864C0EA7DA77358;
0384: 183366E87DB0FDF7;
0385: 1802092C7DBA7533;
0386: 17D0A7BC7DC3D90C;
0387: 179F429F7DCD2980;
0388: 176DD9DE7DD6668E;
0389: 173C6D807DDF9033;
038A: 170AFD8D7DE8A66F;
038B: 16D98A0C7DF1A941;
038C: 16A813057DFA98A7;
038D: 1676987F7E03749F;
038E: 16451A837E0C3D28;
038F: 161399177E14F241;
0390: 15E214447E1D93E9;
0391: 15B08C117E26221E;
0392: 157F00867E2E9CDE;
0393: 154D71AA7E370429;
0394: 151BDF857E3F57FE;
0395: 14EA4A1F7E47985A;
0396: 14B8B17F7E4FC53D;
0397: 148715AD7E57DEA6;
0398: 145576B17E5FE492;
0399: 1423D4927E67D702;
039A: 13F22F587E6FB5F3;
039B: 13C0870A7E778165;
039C: 138EDBB17E7F3956;
039D: 135D2D537E86DDC5;
039E: 132B7BF97E8E6EB1;
039F: 12F9C7AA7E95EC19;
03A0: 12C8106E7E9D55FB;
03A1: 1296564D7EA4AC57;
03A2: 1264994E7EABEF2B;
03A3: 1232D9797EB31E77;
03A4: 120116D57EBA3A38;
03A5: 11CF516A7EC1426F;
03A6: 119D89417EC83719;
03A7: 116BBE607ECF1836;
03A8: 1139F0CF7ED5E5C5;
03A9: 110820967EDC9FC5;
03AA: 10D64DBD7EE34635;
03AB: 10A4784B7EE9D913;
03AC: 1072A0487EF0585F;
03AD: 1040C5BB7EF6C417;
03AE: 100EE8AD7EFD1C3B;
03AF: 0FDD09257F0360CA;
03B0: 0FAB272B7F0991C3;
03B1: 0F7942C67F0FAF24;
03B2: 0F475BFF7F15B8ED;
03B3: 0F1572DC7F1BAF1D;
03B4: 0EE387667F2191B3;
03B5: 0EB199A47F2760AE;
03B6: 0E7FA99D7F2D1C0D;
03B7: 0E4DB75B7F32C3D0;
03B8: 0E1BC2E47F3857F5;
03B9: 0DE9CC3F7F3DD87B;
03BA: 0DB7D3767F434562;
03BB: 0D85D88F7F489EA9;
03BC: 0D53DB927F4DE450;
03BD: 0D21DC877F531654;
03BE: 0CEFDB757F5834B6;
03BF: 0CBDD8657F5D3F74;
03C0: 0C8BD35E7F62368E;
03C1: 0C59CC677F671A04;
03C2: 0C27C3897F6BE9D3;
03C3: 0BF5B8CB7F70A5FD;
03C4: 0BC3AC357F754E7F;
03C5: 0B919DCE7F79E359;
03C6: 0B5F8D9F7F7E648B;
03C7: 0B2D7BAF7F82D213;
03C8: 0AFB68057F872BF2;
03C9: 0AC952AA7F8B7226;
03CA: 0A973BA57F8FA4AF;
03CB: 0A6522FE7F93C38B;
03CC: 0A3308BC7F97CEBC;
03CD: 0A00ECE87F9BC63F;
03CE: 09CECF897F9FAA14;
03CF: 099CB0A77FA37A3B;
03D0: 096A90497FA736B3;
03D1: 09386E787FAADF7B;
03D2: 09064B3A7FAE7494;
03D3: 08D426997FB1F5FB;
03D4: 08A2009A7FB563B2;
03D5: 086FD9477FB8BDB7;
03D6: 083DB0A77FBC0409;
03D7: 080B86C27FBF36A9;
03D8: 07D95B9E7FC25595;
03D9: 07A72F457FC560CE;
03DA: 077501BE7FC85853;
03DB: 0742D3117FCB3C22;
03DC: 0710A3457FCE0C3D;
03DD: 06DE72627FD0C8A2;
03DE: 06AC406F7FD37152;
03DF: 067A0D767FD6064B;
03E0: 0647D97C7FD8878D;
03E1: 0615A48B7FDAF518;
03E2: 05E36EA97FDD4EEB;
03E3: 05B137DF7FDF9507;
03E4: 057F00357FE1C76A;
03E5: 054CC7B17FE3E615;
03E6: 051A8E5C7FE5F107;
03E7: 04E8543E7FE7E840;
03E8: 04B6195D7FE9CBBF;
03E9: 0483DDC37FEB9B84;
03EA: 0451A1777FED5790;
03EB: 041F64807FEEFFE0;
03EC: 03ED26E67FF09477;
03ED: 03BAE8B27FF21552;
03EE: 0388A9EA7FF38273;
03EF: 03566A967FF4DBD8;
03F0: 03242ABF7FF62181;
03F1: 02F1EA6C7FF7536F;
03F2: 02BFA9A47FF871A1;
03F3: 028D68707FF97C17;
03F4: 025B26D77FFA72D0;
03F5: 0228E4E27FFB55CD;
03F6: 01F6A2977FFC250E;
03F7: 01C45FFE7FFCE092;
03F8: 01921D207FFD8859;
03F9: 015FDA037FFE1C64;
03FA: 012D96B17FFE9CB1;
03FB: 00FB53307FFF0942;
03FC: 00C90F887FFF6215;
03FD: 0096CBC17FFFA72B;
03FE: 006487E37FFFD885;
03FF: 003243F57FFFF620;
0400: 000000007FFFFFFF;
0401: FFCDBC0B7FFFF620;
0402: FF9B781D7FFFD885;
0403: FF69343F7FFFA72B;
0404: FF36F0787FFF6215;
0405: FF04ACD07FFF0942;
0406: FED2694F7FFE9CB1;
0407: FEA025FD7FFE1C64;
0408: FE6DE2E07FFD8859;
0409: FE3BA0027FFCE092;
040A: FE095D697FFC250E;
040B: FDD71B1E7FFB55CD;
040C: FDA4D9297FFA72D0;
040D: FD7297907FF97C17;
040E: FD40565C7FF871A1;
040F: FD0E15947FF7536F;
0410: FCDBD5417FF62181;
0411: FCA9956A7FF4DBD8;
0412: FC7756167FF38273;
0413: FC45174E7FF21552;
0414: FC12D91A7FF09477;
0415: FBE09B807FEEFFE0;
0416: FBAE5E897FED5790;
0417: FB7C223D7FEB9B84;
0418: FB49E6A37FE9CBBF;
0419: FB17ABC27FE7E840;
041A: FAE571A47FE5F107;
041B: FAB3384F7FE3E615;
041C: FA80FFCB7FE1C76A;
041D: FA4EC8217FDF9507;
041E: FA1C91577FDD4EEB;
041F: F9EA5B757FDAF518;
0420: F9B826847FD8878D;
0421: F985F28A7FD6064B;
0422: F953BF917FD37152;
0423: F9218D9E7FD0C8A2;
0424: F8EF5CBB7FCE0C3D;
0425: F8BD2CEF7FCB3C22;
0426: F88AFE427FC85853;
0427: F858D0BB7FC560CE;
0428: F826A4627FC25595;
0429: F7F4793E7FBF36A9;
042A: F7C24F597FBC0409;
042B: F79026B97FB8BDB7;
042C: F75DFF667FB563B2;
042D: F72BD9677FB1F5FB;
042E: F6F9B4C67FAE7494;
042F: F6C791887FAADF7B;
0430: F6956FB77FA736B3;
0431: F6634F597FA37A3B;
0432: F63130777F9FAA14;
0433: F5FF13187F9BC63F;
0434: F5CCF7447F97CEBC;
0435: F59ADD027F93C38B;
0436: F568C45B7F8FA4AF;
0437: F536AD567F8B7226;
0438: F50497FB7F872BF2;
0439: F4D284517F82D213;
043A: F4A072617F7E648B;
043B: F46E62327F79E359;
043C: F43C53CB7F754E7F;
043D: F40A47357F70A5FD;
043E: F3D83C777F6BE9D3;
043F: F3A633997F671A04;
0440: F3742CA27F62368E;
0441: F342279B7F5D3F74;
0442: F310248B7F5834B6;
0443: F2DE23797F531654;
0444: F2AC246E7F4DE450;
0445: F27A27717F489EA9;
0446: F2482C8A7F434562;
0447: F21633C17F3DD87B;
0448: F1E43D1C7F3857F5;
0449: F1B248A57F32C3D0;
044A: F18056637F2D1C0D;
044B: F14E665C7F2760AE;
044C: F11C789A7F2191B3;
044D: F0EA8D247F1BAF1D;
044E: F0B8A4017F15B8ED;
044F: F086BD3A7F0FAF24;
0450: F054D8D57F0991C3;
0451: F022F6DB7F0360CA;
0452: EFF117537EFD1C3B;
0453: EFBF3A457EF6C417;
0454: EF8D5FB87EF0585F;
0455: EF5B87B57EE9D913;
0456: EF29B2437EE34635;
0457: EEF7DF6A7EDC9FC5;
0458: EEC60F317ED5E5C5;
0459: EE9441A07ECF1836;
045A: EE6276BF7EC83719;
045B: EE30AE967EC1426F;
045C: EDFEE92B7EBA3A38;
045D: EDCD26877EB31E77;
045E: ED9B66B27EABEF2B;
045F: ED69A9B37EA4AC57;
0460: ED37EF927E9D55FB;
0461: ED0638567E95EC19;
0462: ECD484077E8E6EB1;
0463: ECA2D2AD7E86DDC5;
0464: EC71244F7E7F3956;
0465: EC3F78F67E778165;
0466: EC0DD0A87E6FB5F3;
0467: EBDC2B6E7E67D702;
0468: EBAA894F7E5FE492;
0469: EB78EA537E57DEA6;
046A: EB474E817E4FC53D;
046B: EB15B5E17E47985A;
046C: EAE4207B7E3F57FE;
046D: EAB28E567E370429;
046E: EA80FF7A7E2E9CDE;
046F: EA4F73EF7E26221E;
0470: EA1DEBBC7E1D93E9;
0471: E9EC66E97E14F241;
0472: E9BAE57D7E0C3D28;
0473: E98967817E03749F;
0474: E957ECFB7DFA98A7;
0475: E92675F47DF1A941;
0476: E8F502737DE8A66F;
0477: E8C392807DDF9033;
0478: E89226227DD6668E;
0479: E860BD617DCD2980;
047A: E82F58447DC3D90C;
047B: E7FDF6D47DBA7533;
047C: E7CC99187DB0FDF7;
047D: E79B3F167DA77358;
047E: E769E8D87D9DD559;
047F: E73896657D9423FB;
0480: E70747C47D8A5F3F;
0481: E6D5FCFC7D808727;
0482: E6A4B6167D769BB4;
0483: E673731A7D6C9CE8;
0484: E642340D7D628AC5;
0485: E610F8F97D58654C;
0486: E5DFC1E57D4E2C7E;
0487: E5AE8ED87D43E05D;
0488: E57D5FDB7D3980EB;
0489: E54C34F37D2F0E2A;
048A: E51B0E2A7D24881A;
048B: E4E9EB877D19EEBE;
048C: E4B8CD117D0F4217;
048D: E487B2D07D048227;
048E: E4569CCB7CF9AEEF;
048F: E4258B0B7CEEC872;
0490: E3F47D967CE3CEB1;
0491: E3C374747CD8C1AD;
0492: E3926FAD7CCDA168;
0493: E3616F487CC26DE4;
0494: E330734D7CB72723;
0495: E2FF7BC47CABCD27;
0496: E2CE88B37CA05FF0;
0497: E29D9A237C94DF82;
0498: E26CB01B7C894BDD;
0499: E23BCAA37C7DA504;
049A: E20AE9C17C71EAF8;
049B: E1DA0D7F7C661DBB;
049C: E1A935E27C5A3D4F;
049D: E17862F37C4E49B6;
049E: E14794BA7C4242F1;
049F: E116CB3D7C362903;
04A0: E0E606857C29FBED;
04A1: E0B546997C1DBBB2;
04A2: E0848B807C116852;
04A3: E053D5417C0501D1;
04A4: E02323E57BF8882F;
04A5: DFF277737BEBFB6F;
04A6: DFC1CFF37BDF5B93;
04A7: DF912D6B7BD2A89D;
04A8: DF608FE47BC5E28F;
04A9: DF2FF7647BB9096A;
04AA: DEFF63F47BAC1D30;
04AB: DECED59B7B9F1DE5;
04AC: DE9E4C617B920B88;
04AD: DE6DC84C7B84E61E;
04AE: DE3D49647B77ADA7;
04AF: DE0CCFB17B6A6226;
04B0: DDDC5B3B7B5D039D;
04B1: DDABEC087B4F920D;
04B2: DD7B82217B420D79;
04B3: DD4B1D8C7B3475E4;
04B4: DD1ABE517B26CB4E;
04B5: DCEA64787B190DBB;
04B6: DCBA10087B0B3D2B;
04B7: DC89C1097AFD59A3;
04B8: DC5977827AEF6323;
04B9: DC29337A7AE159AD;
04BA: DBF8F4F97AD33D44;
04BB: DBC8BC067AC50DEB;
04BC: DB9888A97AB6CBA3;
04BD: DB685AE97AA8766E;
04BE: DB3832CE7A9A0E4F;
04BF: DB08105E7A8B9347;
04C0: DAD7F3A37A7D055A;
04C1: DAA7DCA27A6E6489;
04C2: DA77CB637A5FB0D7;
04C3: DA47BFEE7A50EA46;
04C4: DA17BA4A7A4210D8;
04C5: D9E7BA7F7A33248F;
04C6: D9B7C0947A24256E;
04C7: D987CC907A151377;
04C8: D957DE7B7A05EEAC;
04C9: D927F65B79F6B710;
04CA: D8F8143A79E76CA6;
04CB: D8C8381D79D80F6E;
04CC: D898620C79C89F6D;
04CD: D868920F79B91CA3;
04CE: D838C82D79A98715;
04CF: D809046E7999DEC3;
04D0: D7D946D8798A23B0;
04D1: D7A98F73797A55E0;
04D2: D779DE47796A7553;
04D3: D74A335B795A820D;
04D4: D71A8EB6794A7C11;
04D5: D6EAF05F793A6360;
04D6: D6BB585E792A37FD;
04D7: D68BC6BA7919F9EB;
04D8: D65C3B7B7909A92C;
04D9: D62CB6A878F945C2;
04DA: D5FD384878E8CFB1;
04DB: D5CDC06378D846FA;
04DC: D59E4EFF78C7ABA1;
04DD: D56EE42478B6FDA7;
04DE: D53F7FDA78A63D10;
04DF: D5102228789569DE;
04E0: D4E0CB1578848413;
04E1: D4B17AA878738BB2;
04E2: D48230E9786280BF;
04E3: D452EDDF7851633A;
04E4: D423B19178403328;
04E5: D3F47C07782EF08A;
04E6: D3C54D47781D9B64;
04E7: D396255A780C33B7;
04E8: D367044677FAB988;
04E9: D337EA1277E92CD8;
04EA: D308D6C777D78DA9;
04EB: D2D9CA6B77C5DC00;
04EC: D2AAC50577B417DF;
04ED: D27BC69D77A24147;
04EE: D24CCF397790583D;
04EF: D21DDEE2777E5CC2;
04F0: D1EEF59E776C4EDA;
04F1: D1C01375775A2E88;
04F2: D191386E7747FBCD;
04F3: D16264907735B6AE;
04F4: D13397E277235F2C;
04F5: D104D26C7710F54B;
04F6: D0D6143476FE790D;
04F7: D0A75D4376EBEA76;
04F8: D078AD9E76D94988;
04F9: D04A054E76C69646;
04FA: D01B645976B3D0B3;
04FB: CFECCAC876A0F8D1;
04FC: CFBE38A0768E0EA5;
04FD: CF8FADE9767B1230;
04FE: CF612AAA76680375;
04FF: CF32AEEB7654E278;
0500: CF043AB37641AF3C;
0501: CED5CE08762E69C3;
0502: CEA768F3761B1210;
0503: CE790B797607A827;
0504: CE4AB5A375F42C0A;
0505: CE1C677775E09DBC;
0506: CDEE20FD75CCFD41;
0507: CDBFE23B75B94A9C;
0508: CD91AB3975A585CE;
0509: CD637BFE7591AEDC;
050A: CD355491757DC5C9;
050B: CD0734F97569CA98;
050C: CCD91D3E7555BD4B;
050D: CCAB0D6675419DE6;
050E: CC7D0578752D6C6B;
050F: CC4F057C751928DF;
0510: CC210D797504D344;
0511: CBF31D7674F06B9E;
0512: CBC5357974DBF1EE;
0513: CB97558A74C7663A;
0514: CB697DB174B2C883;
0515: CB3BADF3749E18CD;
0516: CB0DE6597489571B;
0517: CAE026E874748370;
0518: CAB26FAA745F9DD0;
0519: CA84C0A3744AA63E;
051A: CA5719DC74359CBC;
051B: CA297B5B7420814F;
051C: C9FBE527740B53FA;
051D: C9CE574873F614BF;
051E: C9A0D1C573E0C3A2;
051F: C97354A473CB60A7;
0520: C945DFED73B5EBD0;
0521: C91873A673A06521;
0522: C8EB0FD6738ACC9D;
0523: C8BDB48673752248;
0524: C89061BA735F6625;
0525: C863177C73499837;
0526: C835D5D07333B882;
0527: C8089CC0731DC709;
0528: C7DB6C507307C3CF;
0529: C7AE448A72F1AED8;
052A: C781257272DB8827;
052B: C7540F1172C54FC0;
052C: C727016D72AF05A6;
052D: C6F9FC8E7298A9DC;
052E: C6CD007972823C66;
052F: C6A00D37726BBD48;
0530: C67322CE72552C84;
0531: C6464145723E8A1F;
0532: C61968A37227D61B;
0533: C5EC98EE7211107D;
0534: C5BFD22F71FA3948;
0535: C593146B71E3507F;
0536: C5665FA971CC5626;
0537: C539B3F171B54A40;
0538: C50D1149719E2CD1;
0539: C4E077B97186FDDD;
053A: C4B3E747716FBD67;
053B: C4875FF971586B73;
053C: C45AE1D771410804;
053D: C42E6CE97129931E;
053E: C402013371120CC4;
053F: C3D59EBE70FA74FB;
0540: C3A9459070E2CBC5;
0541: C37CF5B170CB1127;
0542: C350AF2670B34524;
0543: C32471F7709B67C0;
0544: C2F83E2B708378FE;
0545: C2CC13C7706B78E2;
0546: C29FF2D570536770;
0547: C273DB59703B44AC;
0548: C247CD5B70231099;
0549: C21BC8E1700ACB3B;
054A: C1EFCDF36FF27496;
054B: C1C3DC976FDA0CAD;
054C: C197F4D46FC19384;
054D: C16C16B16FA90920;
054E: C14042346F906D83;
054F: C11477646F77C0B2;
0550: C0E8B6496F5F02B1;
0551: C0BCFEE86F463383;
0552: C09151486F2D532B;
0553: C065AD716F1461AF;
0554: C03A13696EFB5F11;
0555: C00E83366EE24B56;
0556: BFE2FCE06EC92682;
0557: BFB7806D6EAFF098;
0558: BF8C0DE36E96A99C;
0559: BF60A54A6E7D5192;
055A: BF3546A96E63E87F;
055B: BF09F2056E4A6E65;
055C: BEDEA7666E30E349;
055D: BEB366D26E17472F;
055E: BE8830506DFD9A1B;
055F: BE5D03E66DE3DC10;
0560: BE31E19C6DCA0D14;
0561: BE06C9786DB02D28;
0562: BDDBBB806D963C53;
0563: BDB0B7BB6D7C3A97;
0564: BD85BE306D6227F9;
0565: BD5ACEE66D48047D;
0566: BD2FE9E26D2DD027;
0567: BD050F2D6D138AFA;
0568: BCDA3ECB6CF934FB;
0569: BCAF78C46CDECE2E;
056A: BC84BD1F6CC45697;
056B: BC5A0BE26CA9CE3A;
056C: BC2F65146C8F351B;
056D: BC04C8BB6C748B3F;
056E: BBDA36DD6C59D0A8;
056F: BBAFAF826C3F055D;
0570: BB8532B06C24295F;
0571: BB5AC06D6C093CB5;
0572: BB3058C16BEE3F62;
0573: BB05FBB16BD33169;
0574: BADBA9446BB812D0;
0575: BAB161806B9CE39A;
0576: BA87246D6B81A3CC;
0577: BA5CF2116B66536A;
0578: BA32CA716B4AF278;
0579: BA08AD956B2F80FA;
057A: B9DE9B846B13FEF4;
057B: B9B494436AF86C6B;
057C: B98A97D96ADCC964;
057D: B960A64C6AC115E1;
057E: B936BFA46AA551E8;
057F: B90CE3E76A897D7D;
0580: B8E3131A6A6D98A3;
0581: B8B94D456A51A361;
0582: B88F926D6A359DB8;
0583: B865E29A6A1987AF;
0584: B83C3DD269FD614A;
0585: B812A41A69E12A8C;
0586: B7E9157B69C4E37A;
0587: B7BF91F969A88C18;
0588: B796199C698C246B;
0589: B76CAC69696FAC78;
058A: B7434A6869532441;
058B: B719F39E69368BCD;
058C: B6F0A8126919E31F;
058D: B6C767CB68FD2A3C;
058E: B69E32CE68E06129;
058F: B675092268C387E8;
0590: B64BEACD68A69E80;
0591: B622D7D66889A4F5;
0592: B5F9D043686C9B4A;
0593: B5D0D41B684F8185;
0594: B5A7E363683257AA;
0595: B57EFE2268151DBE;
0596: B556245F67F7D3C4;
0597: B52D561F67DA79C2;
0598: B504936967BD0FBC;
0599: B4DBDC43679F95B6;
059A: B4B330B367820BB6;
059B: B48A90C1676471BF;
059C: B461FC716746C7D7;
059D: B43973CA67290E01;
059E: B410F6D4670B4443;
059F: B3E8859266ED6AA1;
05A0: B3C0200D66CF811F;
05A1: B397C64A66B187C3;
05A2: B36F784F66937E90;
05A3: B34736236675658C;
05A4: B31EFFCC66573CBB;
05A5: B2F6D55066390421;
05A6: B2CEB6B6661ABBC4;
05A7: B2A6A40265FC63A8;
05A8: B27E9D3D65DDFBD2;
05A9: B256A26B65BF8447;
05AA: B22EB39365A0FD0A;
05AB: B206D0BB65826622;
05AC: B1DEF9E96563BF91;
05AD: B1B72F246545095F;
05AE: B18F70716526438E;
05AF: B167BDD765076E24;
05B0: B140175C64E88925;
05B1: B1187D0664C99497;
05B2: B0F0EEDB64AA907E;
05B3: B0C96CE0648B7CDF;
05B4: B0A1F71E646C59BF;
05B5: B07A8D98644D2721;
05B6: B0533056642DE50D;
05B7: B02BDF5D640E9385;
05B8: B0049AB463EF328F;
05B9: AFDD626063CFC230;
05BA: AFB6366863B0426C;
05BB: AF8F16D16390B349;
05BC: AF6803A2637114CC;
05BD: AF40FCE1635166F8;
05BE: AF1A02946331A9D4;
05BF: AEF314C06311DD63;
05C0: AECC336C62F201AC;
05C1: AEA55E9E62D216B2;
05C2: AE7E965C62B21C7B;
05C3: AE57DAAB6292130B;
05C4: AE312B926271FA68;
05C5: AE0A89176251D297;
05C6: ADE3F33F62319B9C;
05C7: ADBD6A116211557D;
05C8: AD96ED9261F1003E;
05C9: AD707DC961D09BE5;
05CA: AD4A1ABB61B02876;
05CB: AD23C46E618FA5F6;
05CC: ACFD7AE9616F146B;
05CD: ACD73E31614E73D9;
05CE: ACB10E4B612DC446;
05CF: AC8AEB3F610D05B6;
05D0: AC64D51160EC382F;
05D1: AC3ECBC860CB5BB6;
05D2: AC18CF6960AA704F;
05D3: ABF2DFFB60897600;
05D4: ABCCFD8360686CCE;
05D5: ABA72807604754BE;
05D6: AB815F8D60262DD5;
05D7: AB5BA41B6004F818;
05D8: AB35F5B65FE3B38D;
05D9: AB1054655FC26038;
05DA: AAEAC02C5FA0FE1E;
05DB: AAC539135F7F8D45;
05DC: AA9FBF1E5F5E0DB2;
05DD: AA7A52545F3C7F6A;
05DE: AA54F2BA5F1AE273;
05DF: AA2FA0565EF936D1;
05E0: AA0A5B2E5ED77C89;
05E1: A9E523485EB5B3A1;
05E2: A9BFF8A95E93DC1E;
05E3: A99ADB575E71F606;
05E4: A975CB575E50015D;
05E5: A950C8B05E2DFE28;
05E6: A92BD3675E0BEC6E;
05E7: A906EB825DE9CC32;
05E8: A8E211075DC79D7B;
05E9: A8BD43FB5DA5604E;
05EA: A89884645D8314B0;
05EB: A873D2475D60BAA6;
05EC: A84F2DAB5D3E5236;
05ED: A82A96945D1BDB65;
05EE: A8060D095CF95637;
05EF: A7E1910F5CD6C2B4;
05F0: A7BD22AC5CB420DF;
05F1: A798C1E65C9170BE;
05F2: A7746EC15C6EB258;
05F3: A75029445C4BE5AF;
05F4: A72BF1745C290ACC;
05F5: A707C7575C0621B2;
05F6: A6E3AAF35BE32A66;
05F7: A6BF9C4C5BC024F0;
05F8: A69B9B695B9D1153;
05F9: A677A84F5B79EF95;
05FA: A653C3035B56BFBC;
05FB: A62FEB8C5B3381CE;
05FC: A60C21EE5B1035CE;
05FD: A5E866305AECDBC4;
05FE: A5C4B8565AC973B4;
05FF: A5A118675AA5FDA4;
0600: A57D86675A827999;
0601: A55A025C5A5EE799;
0602: A5368C4C5A3B47AA;
0603: A513243C5A1799D0;
0604: A4EFCA3259F3DE12;
0605: A4CC7E3259D01474;
0606: A4A9404459AC3CFD;
0607: A486106B598857B1;
0608: A462EEAD59646497;
0609: A43FDB10594063B4;
060A: A41CD59A591C550D;
060B: A3F9DE4E58F838A9;
060C: A3D6F53458D40E8C;
060D: A3B41A5158AFD6BC;
060E: A3914DA8588B913F;
060F: A36E8F4258673E1A;
0610: A34BDF215842DD54;
0611: A3293D4C581E6EF1;
0612: A306A9C957F9F2F7;
0613: A2E4249B57D5696C;
0614: A2C1ADCA57B0D255;
0615: A29F455A578C2DB9;
0616: A27CEB5057677B9C;
0617: A25A9FB25742BC05;
0618: A2386285571DEEF9;
0619: A21633CE56F9147E;
061A: A1F4139256D42C99;
061B: A1D201D856AF3750;
061C: A1AFFEA3568A34A9;
061D: A18E09FA566524A9;
061E: A16C23E256400757;
061F: A14A4C5F561ADCB8;
0620: A128837755F5A4D2;
0621: A106C92F55D05FAA;
0622: A0E51D8D55AB0D46;
0623: A0C380965585ADAC;
0624: A0A1F24E556040E2;
0625: A08072BB553AC6ED;
0626: A05F01E255153FD4;
0627: A03D9FC854EFAB9B;
0628: A01C4C7354CA0A4A;
0629: 9FFB07E854A45BE5;
062A: 9FD9D22B547EA073;
062B: 9FB8AB425458D7F9;
062C: 9F9793325433027D;
062D: 9F768A00540D2005;
062E: 9F558FB153E73097;
062F: 9F34A44A53C13438;
0630: 9F13C7D1539B2AEF;
0631: 9EF2FA4A537514C1;
0632: 9ED23BBA534EF1B5;
0633: 9EB18C275328C1CF;
0634: 9E90EB9553028517;
0635: 9E705A0A52DC3B92;
0636: 9E4FD78A52B5E545;
0637: 9E2F641B528F8237;
0638: 9E0EFFC25269126E;
0639: 9DEEAA83524295EF;
063A: 9DCE6464521C0CC1;
063B: 9DAE2D6951F576E9;
063C: 9D8E059851CED46E;
063D: 9D6DECF551A82555;
063E: 9D4DE385518169A4;
063F: 9D2DE94E515AA162;
0640: 9D0DFE545133CC94;
0641: 9CEE229D510CEB40;
0642: 9CCE562C50E5FD6C;
0643: 9CAE990850BF031F;
0644: 9C8EEB345097FC5E;
0645: 9C6F4CB75070E92F;
0646: 9C4FBD945049C998;
0647: 9C303DD050229DA0;
0648: 9C10CD714FFB654C;
0649: 9BF16C7B4FD420A3;
064A: 9BD21AF34FACCFAA;
064B: 9BB2D8DF4F857268;
064C: 9B93A6414F5E08E2;
064D: 9B7483214F369320;
064E: 9B556F824F0F1125;
064F: 9B366B694EE782FA;
0650: 9B1776DB4EBFE8A4;
0651: 9AF891DC4E984229;
0652: 9AD9BC724E708F8F;
0653: 9ABAF6A14E48D0DC;
0654: 9A9C406F4E210617;
0655: 9A7D99DE4DF92F45;
0656: 9A5F02F64DD14C6D;
0657: 9A407BB94DA95D95;
0658: 9A22042E4D8162C3;
0659: 9A039C584D595BFE;
065A: 99E5443C4D31494A;
065B: 99C6FBDF4D092AB0;
065C: 99A8C3454CE10034;
065D: 998A9A744CB8C9DD;
065E: 996C81704C9087B1;
065F: 994E783D4C6839B6;
0660: 99307EE14C3FDFF3;
0661: 9912955F4C177A6E;
0662: 98F4BBBD4BEF092C;
0663: 98D6F1FF4BC68C36;
0664: 98B938294B9E038F;
0665: 989B8E414B756F3F;
0666: 987DF44A4B4CCF4D;
0667: 98606A4A4B2423BD;
0668: 9842F0444AFB6C97;
0669: 9825863E4AD2A9E1;
066A: 98082C3C4AA9DBA1;
066B: 97EAE2424A8101DE;
066C: 97CDA8564A581C9D;
066D: 97B07E7B4A2F2BE5;
066E: 979364B64A062FBD;
066F: 97765B0B49DD282A;
0670: 9759618049B41533;
0671: 973C7818498AF6DE;
0672: 971F9ED74961CD32;
0673: 9702D5C449389835;
0674: 96E61CE1490F57EE;
0675: 96C9743348E60C62;
0676: 96ACDBBF48BCB598;
0677: 9690538848935397;
0678: 9673DB954869E664;
0679: 965773E848406E07;
067A: 963B1C864816EA85;
067B: 961ED57447ED5BE6;
067C: 96029EB647C3C22E;
067D: 95E67851479A1D66;
067E: 95CA624847706D93;
067F: 95AE5C9F4746B2BB;
0680: 9592675D471CECE6;
0681: 9576828346F31C19;
0682: 955AAE1846C9405C;
0683: 953EEA1F469F59B4;
0684: 9523369C46756827;
0685: 95079395464B6BBD;
0686: 94EC010C4621647C;
0687: 94D07F0645F7526B;
0688: 94B50D8845CD358F;
0689: 9499AC9645A30DEF;
068A: 947E5C344578DB93;
068B: 94631C66454E9E80;
068C: 9447ED30452456BC;
068D: 942CCE9744FA044F;
068E: 9411C09E44CFA73F;
068F: 93F6C34B44A53F93;
0690: 93DBD6A1447ACD50;
0691: 93C0FAA34450507E;
0692: 93A62F584425C923;
0693: 938B74C143FB3745;
0694: 9370CAE543D09AEC;
0695: 935631C643A5F41E;
0696: 933BA969437B42E1;
0697: 932131D24350873C;
0698: 9306CB054325C135;
0699: 92EC750642FAF0D3;
069A: 92D22FD942D0161E;
069B: 92B7FB8342A5311A;
069C: 929DD807427A41D0;
069D: 9283C569424F4845;
069E: 9269C3AD42244480;
069F: 924FD2D841F93688;
06A0: 9235F2EC41CE1E64;
06A1: 921C23F041A2FC1A;
06A2: 920265E54177CFB0;
06A3: 91E8B8D1414C992E;
06A4: 91CF1CB74121589A;
06A5: 91B5919B40F60DFB;
06A6: 919C178140CAB957;
06A7: 9182AE6E409F5AB6;
06A8: 916956644073F21D;
06A9: 91500F6840487F93;
06AA: 9136D97E401D0320;
06AB: 911DB4AA3FF17CCA;
06AC: 9104A0EF3FC5EC97;
06AD: 90EB9E513F9A528F;
06AE: 90D2ACD53F6EAEB8;
06AF: 90B9CC7D3F430118;
06B0: 90A0FD4F3F1749B7;
06B1: 90883F4E3EEB889C;
06B2: 906F927D3EBFBDCC;
06B3: 9056F6E03E93E94F;
06B4: 903E6C7C3E680B2C;
06B5: 9025F3533E3C2369;
06B6: 900D8B6A3E10320D;
06B7: 8FF534C53DE4371F;
06B8: 8FDCEF673DB832A5;
06B9: 8FC4BB543D8C24A7;
06BA: 8FAC98903D600D2B;
06BB: 8F94871E3D33EC39;
06BC: 8F7C87023D07C1D5;
06BD: 8F6498403CDB8E09;
06BE: 8F4CBADC3CAF50DA;
06BF: 8F34EED93C830A4F;
06C0: 8F1D343B3C56BA70;
06C1: 8F058B053C2A6142;
06C2: 8EEDF33C3BFDFECD;
06C3: 8ED66CE23BD19317;
06C4: 8EBEF7FC3BA51E29;
06C5: 8EA7948D3B78A007;
06C6: 8E9042993B4C18B9;
06C7: 8E7902233B1F8847;
06C8: 8E61D32F3AF2EEB7;
06C9: 8E4AB5C03AC64C0F;
06CA: 8E33A9DA3A99A057;
06CB: 8E1CAF813A6CEB95;
06CC: 8E05C6B83A402DD1;
06CD: 8DEEEF833A136712;
06CE: 8DD829E539E6975D;
06CF: 8DC175E139B9BEBB;
06D0: 8DAAD37C398CDD32;
06D1: 8D9442B8395FF2C9;
06D2: 8D7DC39A3932FF87;
06D3: 8D67562439060372;
06D4: 8D50FA5A38D8FE93;
06D5: 8D3AB04038ABF0EF;
06D6: 8D2477D9387EDA8E;
06D7: 8D0E51283851BB76;
06D8: 8CF83C31382493B0;
06D9: 8CE238F737F76340;
06DA: 8CCC477E37CA2A30;
06DB: 8CB667C9379CE884;
06DC: 8CA099DB376F9E46;
06DD: 8C8ADDB837424B7A;
06DE: 8C7533633714F02A;
06DF: 8C5F9ADF36E78C5A;
06E0: 8C4A143036BA2013;
06E1: 8C349F59368CAB5C;
06E2: 8C1F3C5E365F2E3B;
06E3: 8C09EB413631A8B8;
06E4: 8BF4AC0636041AD9;
06E5: 8BDF7EB135D684A5;
06E6: 8BCA634435A8E624;
06E7: 8BB559C2357B3F5D;
06E8: 8BA06230354D9056;
06E9: 8B8B7C90351FD918;
06EA: 8B76A8E534F219A7;
06EB: 8B61E73334C4520D;
06EC: 8B4D377D3496824F;
06ED: 8B3899C63468AA76;
06EE: 8B240E12343ACA87;
06EF: 8B0F9462340CE28A;
06F0: 8AFB2CBC33DEF287;
06F1: 8AE6D72133B0FA84;
06F2: 8AD293953382FA88;
06F3: 8ABE621A3354F29A;
06F4: 8AAA42B53326E2C2;
06F5: 8A96356832F8CB07;
06F6: 8A823A3732CAAB6F;
06F7: 8A6E5124329C8402;
06F8: 8A5A7A32326E54C7;
06F9: 8A46B56432401DC5;
06FA: 8A3302BF3211DF03;
06FB: 8A1F624431E39889;
06FC: 8A0BD3F631B54A5D;
06FD: 89F857D93186F487;
06FE: 89E4EDF03158970D;
06FF: 89D1963D312A31F8;
0700: 89BE50C430FBC54D;
0701: 89AB1D8830CD5115;
0702: 8997FC8B309ED556;
0703: 8984EDD030705217;
0704: 8971F15B3041C760;
0705: 895F072F30133538;
0706: 894C2F4D2FE49BA7;
0707: 893969BA2FB5FAB2;
0708: 8926B6782F875262;
0709: 8914158A2F58A2BD;
070A: 890186F32F29EBCC;
070B: 88EF0AB52EFB2D94;
070C: 88DCA0D42ECC681E;
070D: 88CA49522E9D9B70;
070E: 88B804332E6EC792;
070F: 88A5D1782E3FEC8B;
0710: 8893B1262E110A62;
0711: 8881A33E2DE2211E;
0712: 886FA7C32DB330C7;
0713: 885DBEB92D843963;
0714: 884BE8212D553AFB;
0715: 883A24002D263595;
0716: 882872572CF72939;
0717: 8816D3282CC815EE;
0718: 880546782C98FBBA;
0719: 87F3CC492C69DAA6;
071A: 87E2649C2C3AB2B9;
071B: 87D10F762C0B83F9;
071C: 87BFCCD82BDC4E6F;
071D: 87AE9CC62BAD1221;
071E: 879D7F412B7DCF17;
071F: 878C744E2B4E8558;
0720: 877B7BED2B1F34EB;
0721: 876A96222AEFDDD8;
0722: 8759C2F02AC08026;
0723: 874902592A911BDC;
0724: 8738545F2A61B101;
0725: 8727B9062A323F9D;
0726: 8717304F2A02C7B8;
0727: 8706BA3E29D34958;
0728: 86F656D429A3C485;
0729: 86E6061529743946;
072A: 86D5C8032944A7A2;
072B: 86C59CA029150FA1;
072C: 86B583EF28E5714A;
072D: 86A57DF328B5CCA5;
072E: 86958AAD288621B9;
072F: 8685AA202856708D;
0730: 8675DC502826B928;
0731: 8666213D27F6FB92;
0732: 865678EB27C737D3;
0733: 8646E35D27976DF1;
0734: 8637609327679DF4;
0735: 8627F0922737C7E3;
0736: 8618935A2707EBC6;
0737: 860948F026D809A5;
0738: 85FA115426A82185;
0739: 85EAEC8926783370;
073A: 85DBDA9226483F6C;
073B: 85CCDB7126184581;
073C: 85BDEF2825E845B6;
073D: 85AF15BA25B84012;
073E: 85A04F292588349D;
073F: 85919B772558235E;
0740: 8582FAA625280C5D;
0741: 85746CB924F7EFA2;
0742: 8565F1B124C7CD32;
0743: 855789922497A517;
0744: 8549345D24677757;
0745: 853AF215243743FA;
0746: 852CC2BC24070B07;
0747: 851EA65323D6CC86;
0748: 85109CDD23A6887E;
0749: 8502A65D23763EF7;
074A: 84F4C2D52345EFF8;
074B: 84E6F24523159B88;
074C: 84D934B222E541AF;
074D: 84CB8A1C22B4E274;
074E: 84BDF28722847DDF;
074F: 84B06DF3225413F8;
0750: 84A2FC632223A4C5;
0751: 84959DDA21F3304F;
0752: 8488525921C2B69C;
0753: 847B19E2219237B4;
0754: 846DF4782161B39F;
0755: 8460E21B21312A65;
0756: 8453E2D021009C0C;
0757: 8446F69620D0089C;
0758: 843A1D71209F701C;
0759: 842D5763206ED295;
075A: 8420A46D203E300D;
075B: 84140491200D888D;
075C: 840777D11FDCDC1B;
075D: 83FAFE2F1FAC2ABF;
075E: 83EE97AE1F7B7480;
075F: 83E2444E1F4AB967;
0760: 83D604131F19F97B;
0761: 83C9D6FD1EE934C3;
0762: 83BDBD0F1EB86B46;
0763: 83B1B64A1E879D0D;
0764: 83A5C2B11E56CA1E;
0765: 8399E2451E25F281;
0766: 838E15081DF5163F;
0767: 83825AFC1DC4355D;
0768: 8376B4231D934FE5;
0769: 836B207E1D6265DD;
076A: 835FA0101D31774D;
076B: 835432D91D00843C;
076C: 8348D8DD1CCF8CB3;
076D: 833D921C1C9E90B8;
076E: 83325E981C6D9053;
076F: 83273E531C3C8B8C;
0770: 831C314F1C0B826A;
0771: 8311378E1BDA74F5;
0772: 830651111BA96335;
0773: 82FB7DD91B784D30;
0774: 82F0BDE91B4732EF;
0775: 82E611421B161479;
0776: 82DB77E61AE4F1D6;
0777: 82D0F1D61AB3CB0D;
0778: 82C67F151A82A025;
0779: 82BC1FA31A517128;
077A: 82B1D3821A203E1B;
077B: 82A79AB419EF0707;
077C: 829D753B19BDCBF3;
077D: 82936318198C8CE6;
077E: 8289644C195B49EA;
077F: 827F78D9192A0304;
0780: 8275A0C118F8B83C;
0781: 826BDC0518C7699B;
0782: 82622AA718961728;
0783: 82588CA81864C0EA;
0784: 824F0209183366E8;
0785: 82458ACD1802092C;
0786: 823C26F417D0A7BC;
0787: 8232D680179F429F;
0788: 82299972176DD9DE;
0789: 82206FCD173C6D80;
078A: 82175991170AFD8D;
078B: 820E56BF16D98A0C;
078C: 8205675916A81305;
078D: 81FC8B611676987F;
078E: 81F3C2D816451A83;
078F: 81EB0DBF16139917;
0790: 81E26C1715E21444;
0791: 81D9DDE215B08C11;
0792: 81D16322157F0086;
0793: 81C8FBD7154D71AA;
0794: 81C0A802151BDF85;
0795: 81B867A614EA4A1F;
0796: 81B03AC314B8B17F;
0797: 81A8215A148715AD;
0798: 81A01B6E145576B1;
0799: 819828FE1423D492;
079A: 81904A0D13F22F58;
079B: 81887E9B13C0870A;
079C: 8180C6AA138EDBB1;
079D: 8179223B135D2D53;
079E: 8171914F132B7BF9;
079F: 816A13E712F9C7AA;
07A0: 8162AA0512C8106E;
07A1: 815B53A91296564D;
07A2: 815410D51264994E;
07A3: 814CE1891232D979;
07A4: 8145C5C8120116D5;
07A5: 813EBD9111CF516A;
07A6: 8137C8E7119D8941;
07A7: 8130E7CA116BBE60;
07A8: 812A1A3B1139F0CF;
07A9: 8123603B11082096;
07AA: 811CB9CB10D64DBD;
07AB: 811626ED10A4784B;
07AC: 810FA7A11072A048;
07AD: 81093BE91040C5BB;
07AE: 8102E3C5100EE8AD;
07AF: 80FC9F360FDD0925;
07B0: 80F66E3D0FAB272B;
07B1: 80F050DC0F7942C6;
07B2: 80EA47130F475BFF;
07B3: 80E450E30F1572DC;
07B4: 80DE6E4D0EE38766;
07B5: 80D89F520EB199A4;
07B6: 80D2E3F30E7FA99D;
07B7: 80CD3C300E4DB75B;
07B8: 80C7A80B0E1BC2E4;
07B9: 80C227850DE9CC3F;
07BA: 80BCBA9E0DB7D376;
07BB: 80B761570D85D88F;
07BC: 80B21BB00D53DB92;
07BD: 80ACE9AC0D21DC87;
07BE: 80A7CB4A0CEFDB75;
07BF: 80A2C08C0CBDD865;
07C0: 809DC9720C8BD35E;
07C1: 8098E5FC0C59CC67;
07C2: 8094162D0C27C389;
07C3: 808F5A030BF5B8CB;
07C4: 808AB1810BC3AC35;
07C5: 80861CA70B919DCE;
07C6: 80819B750B5F8D9F;
07C7: 807D2DED0B2D7BAF;
07C8: 8078D40E0AFB6805;
07C9: 80748DDA0AC952AA;
07CA: 80705B510A973BA5;
07CB: 806C3C750A6522FE;
07CC: 806831440A3308BC;
07CD: 806439C10A00ECE8;
07CE: 806055EC09CECF89;
07CF: 805C85C5099CB0A7;
07D0: 8058C94D096A9049;
07D1: 8055208509386E78;
07D2: 80518B6C09064B3A;
07D3: 804E0A0508D42699;
07D4: 804A9C4E08A2009A;
07D5: 80474249086FD947;
07D6: 8043FBF7083DB0A7;
07D7: 8040C957080B86C2;
07D8: 803DAA6B07D95B9E;
07D9: 803A9F3207A72F45;
07DA: 8037A7AD077501BE;
07DB: 8034C3DE0742D311;
07DC: 8031F3C30710A345;
07DD: 802F375E06DE7262;
07DE: 802C8EAE06AC406F;
07DF: 8029F9B5067A0D76;
07E0: 802778730647D97C;
07E1: 80250AE80615A48B;
07E2: 8022B11505E36EA9;
07E3: 80206AF905B137DF;
07E4: 801E3896057F0035;
07E5: 801C19EB054CC7B1;
07E6: 801A0EF9051A8E5C;
07E7: 801817C004E8543E;
07E8: 8016344104B6195D;
07E9: 8014647C0483DDC3;
07EA: 8012A8700451A177;
07EB: 80110020041F6480;
07EC: 800F6B8903ED26E6;
07ED: 800DEAAE03BAE8B2;
07EE: 800C7D8D0388A9EA;
07EF: 800B242803566A96;
07F0: 8009DE7F03242ABF;
07F1: 8008AC9102F1EA6C;
07F2: 80078E5F02BFA9A4;
07F3: 800683E9028D6870;
07F4: 80058D30025B26D7;
07F5: 8004AA330228E4E2;
07F6: 8003DAF201F6A297;
07F7: 80031F6E01C45FFE;
07F8: 800277A701921D20;
07F9: 8001E39C015FDA03;
07FA: 8001634F012D96B1;
07FB: 8000F6BE00FB5330;
07FC: 80009DEB00C90F88;
07FD: 800058D50096CBC1;
07FE: 8000277B006487E3;
07FF: 800009E0003243F5;
0800: 8000000100000000;
0801: 800009E0FFCDBC0B;
0802: 8000277BFF9B781D;
0803: 800058D5FF69343F;
0804: 80009DEBFF36F078;
0805: 8000F6BEFF04ACD0;
0806: 8001634FFED2694F;
0807: 8001E39CFEA025FD;
0808: 800277A7FE6DE2E0;
0809: 80031F6EFE3BA002;
080A: 8003DAF2FE095D69;
080B: 8004AA33FDD71B1E;
080C: 80058D30FDA4D929;
080D: 800683E9FD729790;
080E: 80078E5FFD40565C;
080F: 8008AC91FD0E1594;
0810: 8009DE7FFCDBD541;
0811: 800B2428FCA9956A;
0812: 800C7D8DFC775616;
0813: 800DEAAEFC45174E;
0814: 800F6B89FC12D91A;
0815: 80110020FBE09B80;
0816: 8012A870FBAE5E89;
0817: 8014647CFB7C223D;
0818: 80163441FB49E6A3;
0819: 801817C0FB17ABC2;
081A: 801A0EF9FAE571A4;
081B: 801C19EBFAB3384F;
081C: 801E3896FA80FFCB;
081D: 80206AF9FA4EC821;
081E: 8022B115FA1C9157;
081F: 80250AE8F9EA5B75;
0820: 80277873F9B82684;
0821: 8029F9B5F985F28A;
0822: 802C8EAEF953BF91;
0823: 802F375EF9218D9E;
0824: 8031F3C3F8EF5CBB;
0825: 8034C3DEF8BD2CEF;
0826: 8037A7ADF88AFE42;
0827: 803A9F32F858D0BB;
0828: 803DAA6BF826A462;
0829: 8040C957F7F4793E;
082A: 8043FBF7F7C24F59;
082B: 80474249F79026B9;
082C: 804A9C4EF75DFF66;
082D: 804E0A05F72BD967;
082E: 80518B6CF6F9B4C6;
082F: 80552085F6C79188;
0830: 8058C94DF6956FB7;
0831: 805C85C5F6634F59;
0832: 806055ECF6313077;
0833: 806439C1F5FF1318;
0834: 80683144F5CCF744;
0835: 806C3C75F59ADD02;
0836: 80705B51F568C45B;
0837: 80748DDAF536AD56;
0838: 8078D40EF50497FB;
0839: 807D2DEDF4D28451;
083A: 80819B75F4A07261;
083B: 80861CA7F46E6232;
083C: 808AB181F43C53CB;
083D: 808F5A03F40A4735;
083E: 8094162DF3D83C77;
083F: 8098E5FCF3A63399;
0840: 809DC972F3742CA2;
0841: 80A2C08CF342279B;
0842: 80A7CB4AF310248B;
0843: 80ACE9ACF2DE2379;
0844: 80B21BB0F2AC246E;
0845: 80B76157F27A2771;
0846: 80BCBA9EF2482C8A;
0847: 80C22785F21633C1;
0848: 80C7A80BF1E43D1C;
0849: 80CD3C30F1B248A5;
084A: 80D2E3F3F1805663;
084B: 80D89F52F14E665C;
084C: 80DE6E4DF11C789A;
084D: 80E450E3F0EA8D24;
084E: 80EA4713F0B8A401;
084F: 80F050DCF086BD3A;
0850: 80F66E3DF054D8D5;
0851: 80FC9F36F022F6DB;
0852: 8102E3C5EFF11753;
0853: 81093BE9EFBF3A45;
0854: 810FA7A1EF8D5FB8;
0855: 811626EDEF5B87B5;
0856: 811CB9CBEF29B243;
0857: 8123603BEEF7DF6A;
0858: 812A1A3BEEC60F31;
0859: 8130E7CAEE9441A0;
085A: 8137C8E7EE6276BF;
085B: 813EBD91EE30AE96;
085C: 8145C5C8EDFEE92B;
085D: 814CE189EDCD2687;
085E: 815410D5ED9B66B2;
085F: 815B53A9ED69A9B3;
0860: 8162AA05ED37EF92;
0861: 816A13E7ED063856;
0862: 8171914FECD48407;
0863: 8179223BECA2D2AD;
0864: 8180C6AAEC71244F;
0865: 81887E9BEC3F78F6;
0866: 81904A0DEC0DD0A8;
0867: 819828FEEBDC2B6E;
0868: 81A01B6EEBAA894F;
0869: 81A8215AEB78EA53;
086A: 81B03AC3EB474E81;
086B: 81B867A6EB15B5E1;
086C: 81C0A802EAE4207B;
086D: 81C8FBD7EAB28E56;
086E: 81D16322EA80FF7A;
086F: 81D9DDE2EA4F73EF;
0870: 81E26C17EA1DEBBC;
0871: 81EB0DBFE9EC66E9;
0872: 81F3C2D8E9BAE57D;
0873: 81FC8B61E9896781;
0874: 82056759E957ECFB;
0875: 820E56BFE92675F4;
0876: 82175991E8F50273;
0877: 82206FCDE8C39280;
0878: 82299972E8922622;
0879: 8232D680E860BD61;
087A: 823C26F4E82F5844;
087B: 82458ACDE7FDF6D4;
087C: 824F0209E7CC9918;
087D: 82588CA8E79B3F16;
087E: 82622AA7E769E8D8;
087F: 826BDC05E7389665;
0880: 8275A0C1E70747C4;
0881: 827F78D9E6D5FCFC;
0882: 8289644CE6A4B616;
0883: 82936318E673731A;
0884: 829D753BE642340D;
0885: 82A79AB4E610F8F9;
0886: 82B1D382E5DFC1E5;
0887: 82BC1FA3E5AE8ED8;
0888: 82C67F15E57D5FDB;
0889: 82D0F1D6E54C34F3;
088A: 82DB77E6E51B0E2A;
088B: 82E61142E4E9EB87;
088C: 82F0BDE9E4B8CD11;
088D: 82FB7DD9E487B2D0;
088E: 83065111E4569CCB;
088F: 8311378EE4258B0B;
0890: 831C314FE3F47D96;
0891: 83273E53E3C37474;
0892: 83325E98E3926FAD;
0893: 833D921CE3616F48;
0894: 8348D8DDE330734D;
0895: 835432D9E2FF7BC4;
0896: 835FA010E2CE88B3;
0897: 836B207EE29D9A23;
0898: 8376B423E26CB01B;
0899: 83825AFCE23BCAA3;
089A: 838E1508E20AE9C1;
089B: 8399E245E1DA0D7F;
089C: 83A5C2B1E1A935E2;
089D: 83B1B64AE17862F3;
089E: 83BDBD0FE14794BA;
089F: 83C9D6FDE116CB3D;
08A0: 83D60413E0E60685;
08A1: 83E2444EE0B54699;
08A2: 83EE97AEE0848B80;
08A3: 83FAFE2FE053D541;
08A4: 840777D1E02323E5;
08A5: 84140491DFF27773;
08A6: 8420A46DDFC1CFF3;
08A7: 842D5763DF912D6B;
08A8: 843A1D71DF608FE4;
08A9: 8446F696DF2FF764;
08AA: 8453E2D0DEFF63F4;
08AB: 8460E21BDECED59B;
08AC: 846DF478DE9E4C61;
08AD: 847B19E2DE6DC84C;
08AE: 84885259DE3D4964;
08AF: 84959DDADE0CCFB1;
08B0: 84A2FC63DDDC5B3B;
08B1: 84B06DF3DDABEC08;
08B2: 84BDF287DD7B8221;
08B3: 84CB8A1CDD4B1D8C;
08B4: 84D934B2DD1ABE51;
08B5: 84E6F245DCEA6478;
08B6: 84F4C2D5DCBA1008;
08B7: 8502A65DDC89C109;
08B8: 85109CDDDC597782;
08B9: 851EA653DC29337A;
08BA: 852CC2BCDBF8F4F9;
08BB: 853AF215DBC8BC06;
08BC: 8549345DDB9888A9;
08BD: 85578992DB685AE9;
08BE: 8565F1B1DB3832CE;
08BF: 85746CB9DB08105E;
08C0: 8582FAA6DAD7F3A3;
08C1: 85919B77DAA7DCA2;
08C2: 85A04F29DA77CB63;
08C3: 85AF15BADA47BFEE;
08C4: 85BDEF28DA17BA4A;
08C5: 85CCDB71D9E7BA7F;
08C6: 85DBDA92D9B7C094;
08C7: 85EAEC89D987CC90;
08C8: 85FA1154D957DE7B;
08C9: 860948F0D927F65B;
08CA: 8618935AD8F8143A;
08CB: 8627F092D8C8381D;
08CC: 86376093D898620C;
08CD: 8646E35DD868920F;
08CE: 865678EBD838C82D;
08CF: 8666213DD809046E;
08D0: 8675DC50D7D946D8;
08D1: 8685AA20D7A98F73;
08D2: 86958AADD779DE47;
08D3: 86A57DF3D74A335B;
08D4: 86B583EFD71A8EB6;
08D5: 86C59CA0D6EAF05F;
08D6: 86D5C803D6BB585E;
08D7: 86E60615D68BC6BA;
08D8: 86F656D4D65C3B7B;
08D9: 8706BA3ED62CB6A8;
08DA: 8717304FD5FD3848;
08DB: 8727B906D5CDC063;
08DC: 8738545FD59E4EFF;
08DD: 87490259D56EE424;
08DE: 8759C2F0D53F7FDA;
08DF: 876A9622D5102228;
08E0: 877B7BEDD4E0CB15;
08E1: 878C744ED4B17AA8;
08E2: 879D7F41D48230E9;
08E3: 87AE9CC6D452EDDF;
08E4: 87BFCCD8D423B191;
08E5: 87D10F76D3F47C07;
08E6: 87E2649CD3C54D47;
08E7: 87F3CC49D396255A;
08E8: 88054678D3670446;
08E9: 8816D328D337EA12;
08EA: 88287257D308D6C7;
08EB: 883A2400D2D9CA6B;
08EC: 884BE821D2AAC505;
08ED: 885DBEB9D27BC69D;
08EE: 886FA7C3D24CCF39;
08EF: 8881A33ED21DDEE2;
08F0: 8893B126D1EEF59E;
08F1: 88A5D178D1C01375;
08F2: 88B80433D191386E;
08F3: 88CA4952D1626490;
08F4: 88DCA0D4D13397E2;
08F5: 88EF0AB5D104D26C;
08F6: 890186F3D0D61434;
08F7: 8914158AD0A75D43;
08F8: 8926B678D078AD9E;
08F9: 893969BAD04A054E;
08FA: 894C2F4DD01B6459;
08FB: 895F072FCFECCAC8;
08FC: 8971F15BCFBE38A0;
08FD: 8984EDD0CF8FADE9;
08FE: 8997FC8BCF612AAA;
08FF: 89AB1D88CF32AEEB;
0900: 89BE50C4CF043AB3;
0901: 89D1963DCED5CE08;
0902: 89E4EDF0CEA768F3;
0903: 89F857D9CE790B79;
0904: 8A0BD3F6CE4AB5A3;
0905: 8A1F6244CE1C6777;
0906: 8A3302BFCDEE20FD;
0907: 8A46B564CDBFE23B;
0908: 8A5A7A32CD91AB39;
0909: 8A6E5124CD637BFE;
090A: 8A823A37CD355491;
090B: 8A963568CD0734F9;
090C: 8AAA42B5CCD91D3E;
090D: 8ABE621ACCAB0D66;
090E: 8AD29395CC7D0578;
090F: 8AE6D721CC4F057C;
0910: 8AFB2CBCCC210D79;
0911: 8B0F9462CBF31D76;
0912: 8B240E12CBC53579;
0913: 8B3899C6CB97558A;
0914: 8B4D377DCB697DB1;
0915: 8B61E733CB3BADF3;
0916: 8B76A8E5CB0DE659;
0917: 8B8B7C90CAE026E8;
0918: 8BA06230CAB26FAA;
0919: 8BB559C2CA84C0A3;
091A: 8BCA6344CA5719DC;
091B: 8BDF7EB1CA297B5B;
091C: 8BF4AC06C9FBE527;
091D: 8C09EB41C9CE5748;
091E: 8C1F3C5EC9A0D1C5;
091F: 8C349F59C97354A4;
0920: 8C4A1430C945DFED;
0921: 8C5F9ADFC91873A6;
0922: 8C753363C8EB0FD6;
0923: 8C8ADDB8C8BDB486;
0924: 8CA099DBC89061BA;
0925: 8CB667C9C863177C;
0926: 8CCC477EC835D5D0;
0927: 8CE238F7C8089CC0;
0928: 8CF83C31C7DB6C50;
0929: 8D0E5128C7AE448A;
092A: 8D2477D9C7812572;
092B: 8D3AB040C7540F11;
092C: 8D50FA5AC727016D;
092D: 8D675624C6F9FC8E;
092E: 8D7DC39AC6CD0079;
092F: 8D9442B8C6A00D37;
0930: 8DAAD37CC67322CE;
0931: 8DC175E1C6464145;
0932: 8DD829E5C61968A3;
0933: 8DEEEF83C5EC98EE;
0934: 8E05C6B8C5BFD22F;
0935: 8E1CAF81C593146B;
0936: 8E33A9DAC5665FA9;
0937: 8E4AB5C0C539B3F1;
0938: 8E61D32FC50D1149;
0939: 8E790223C4E077B9;
093A: 8E904299C4B3E747;
093B: 8EA7948DC4875FF9;
093C: 8EBEF7FCC45AE1D7;
093D: 8ED66CE2C42E6CE9;
093E: 8EEDF33CC4020133;
093F: 8F058B05C3D59EBE;
0940: 8F1D343BC3A94590;
0941: 8F34EED9C37CF5B1;
0942: 8F4CBADCC350AF26;
0943: 8F649840C32471F7;
0944: 8F7C8702C2F83E2B;
0945: 8F94871EC2CC13C7;
0946: 8FAC9890C29FF2D5;
0947: 8FC4BB54C273DB59;
0948: 8FDCEF67C247CD5B;
0949: 8FF534C5C21BC8E1;
094A: 900D8B6AC1EFCDF3;
094B: 9025F353C1C3DC97;
094C: 903E6C7CC197F4D4;
094D: 9056F6E0C16C16B1;
094E: 906F927DC1404234;
094F: 90883F4EC1147764;
0950: 90A0FD4FC0E8B649;
0951: 90B9CC7DC0BCFEE8;
0952: 90D2ACD5C0915148;
0953: 90EB9E51C065AD71;
0954: 9104A0EFC03A1369;
0955: 911DB4AAC00E8336;
0956: 9136D97EBFE2FCE0;
0957: 91500F68BFB7806D;
0958: 91695664BF8C0DE3;
0959: 9182AE6EBF60A54A;
095A: 919C1781BF3546A9;
095B: 91B5919BBF09F205;
095C: 91CF1CB7BEDEA766;
095D: 91E8B8D1BEB366D2;
095E: 920265E5BE883050;
095F: 921C23F0BE5D03E6;
0960: 9235F2ECBE31E19C;
0961: 924FD2D8BE06C978;
0962: 9269C3ADBDDBBB80;
0963: 9283C569BDB0B7BB;
0964: 929DD807BD85BE30;
0965: 92B7FB83BD5ACEE6;
0966: 92D22FD9BD2FE9E2;
0967: 92EC7506BD050F2D;
0968: 9306CB05BCDA3ECB;
0969: 932131D2BCAF78C4;
096A: 933BA969BC84BD1F;
096B: 935631C6BC5A0BE2;
096C: 9370CAE5BC2F6514;
096D: 938B74C1BC04C8BB;
096E: 93A62F58BBDA36DD;
096F: 93C0FAA3BBAFAF82;
0970: 93DBD6A1BB8532B0;
0971: 93F6C34BBB5AC06D;
0972: 9411C09EBB3058C1;
0973: 942CCE97BB05FBB1;
0974: 9447ED30BADBA944;
0975: 94631C66BAB16180;
0976: 947E5C34BA87246D;
0977: 9499AC96BA5CF211;
0978: 94B50D88BA32CA71;
0979: 94D07F06BA08AD95;
097A: 94EC010CB9DE9B84;
097B: 95079395B9B49443;
097C: 9523369CB98A97D9;
097D: 953EEA1FB960A64C;
097E: 955AAE18B936BFA4;
097F: 95768283B90CE3E7;
0980: 9592675DB8E3131A;
0981: 95AE5C9FB8B94D45;
0982: 95CA6248B88F926D;
0983: 95E67851B865E29A;
0984: 96029EB6B83C3DD2;
0985: 961ED574B812A41A;
0986: 963B1C86B7E9157B;
0987: 965773E8B7BF91F9;
0988: 9673DB95B796199C;
0989: 96905388B76CAC69;
098A: 96ACDBBFB7434A68;
098B: 96C97433B719F39E;
098C: 96E61CE1B6F0A812;
098D: 9702D5C4B6C767CB;
098E: 971F9ED7B69E32CE;
098F: 973C7818B6750922;
0990: 97596180B64BEACD;
0991: 97765B0BB622D7D6;
0992: 979364B6B5F9D043;
0993: 97B07E7BB5D0D41B;
0994: 97CDA856B5A7E363;
0995: 97EAE242B57EFE22;
0996: 98082C3CB556245F;
0997: 9825863EB52D561F;
0998: 9842F044B5049369;
0999: 98606A4AB4DBDC43;
099A: 987DF44AB4B330B3;
099B: 989B8E41B48A90C1;
099C: 98B93829B461FC71;
099D: 98D6F1FFB43973CA;
099E: 98F4BBBDB410F6D4;
099F: 9912955FB3E88592;
09A0: 99307EE1B3C0200D;
09A1: 994E783DB397C64A;
09A2: 996C8170B36F784F;
09A3: 998A9A74B3473623;
09A4: 99A8C345B31EFFCC;
09A5: 99C6FBDFB2F6D550;
09A6: 99E5443CB2CEB6B6;
09A7: 9A039C58B2A6A402;
09A8: 9A22042EB27E9D3D;
09A9: 9A407BB9B256A26B;
09AA: 9A5F02F6B22EB393;
09AB: 9A7D99DEB206D0BB;
09AC: 9A9C406FB1DEF9E9;
09AD: 9ABAF6A1B1B72F24;
09AE: 9AD9BC72B18F7071;
09AF: 9AF891DCB167BDD7;
09B0: 9B1776DBB140175C;
09B1: 9B366B69B1187D06;
09B2: 9B556F82B0F0EEDB;
09B3: 9B748321B0C96CE0;
09B4: 9B93A641B0A1F71E;
09B5: 9BB2D8DFB07A8D98;
09B6: 9BD21AF3B0533056;
09B7: 9BF16C7BB02BDF5D;
09B8: 9C10CD71B0049AB4;
09B9: 9C303DD0AFDD6260;
09BA: 9C4FBD94AFB63668;
09BB: 9C6F4CB7AF8F16D1;
09BC: 9C8EEB34AF6803A2;
09BD: 9CAE9908AF40FCE1;
09BE: 9CCE562CAF1A0294;
09BF: 9CEE229DAEF314C0;
09C0: 9D0DFE54AECC336C;
09C1: 9D2DE94EAEA55E9E;
09C2: 9D4DE385AE7E965C;
09C3: 9D6DECF5AE57DAAB;
09C4: 9D8E0598AE312B92;
09C5: 9DAE2D69AE0A8917;
09C6: 9DCE6464ADE3F33F;
09C7: 9DEEAA83ADBD6A11;
09C8: 9E0EFFC2AD96ED92;
09C9: 9E2F641BAD707DC9;
09CA: 9E4FD78AAD4A1ABB;
09CB: 9E705A0AAD23C46E;
09CC: 9E90EB95ACFD7AE9;
09CD: 9EB18C27ACD73E31;
09CE: 9ED23BBAACB10E4B;
09CF: 9EF2FA4AAC8AEB3F;
09D0: 9F13C7D1AC64D511;
09D1: 9F34A44AAC3ECBC8;
09D2: 9F558FB1AC18CF69;
09D3: 9F768A00ABF2DFFB;
09D4: 9F979332ABCCFD83;
09D5: 9FB8AB42ABA72807;
09D6: 9FD9D22BAB815F8D;
09D7: 9FFB07E8AB5BA41B;
09D8: A01C4C73AB35F5B6;
09D9: A03D9FC8AB105465;
09DA: A05F01E2AAEAC02C;
09DB: A08072BBAAC53913;
09DC: A0A1F24EAA9FBF1E;
09DD: A0C38096AA7A5254;
09DE: A0E51D8DAA54F2BA;
09DF: A106C92FAA2FA056;
09E0: A1288377AA0A5B2E;
09E1: A14A4C5FA9E52348;
09E2: A16C23E2A9BFF8A9;
09E3: A18E09FAA99ADB57;
09E4: A1AFFEA3A975CB57;
09E5: A1D201D8A950C8B0;
09E6: A1F41392A92BD367;
09E7: A21633CEA906EB82;
09E8: A2386285A8E21107;
09E9: A25A9FB2A8BD43FB;
09EA: A27CEB50A8988464;
09EB: A29F455AA873D247;
09EC: A2C1ADCAA84F2DAB;
09ED: A2E4249BA82A9694;
09EE: A306A9C9A8060D09;
09EF: A3293D4CA7E1910F;
09F0: A34BDF21A7BD22AC;
09F1: A36E8F42A798C1E6;
09F2: A3914DA8A7746EC1;
09F3: A3B41A51A7502944;
09F4: A3D6F534A72BF174;
09F5: A3F9DE4EA707C757;
09F6: A41CD59AA6E3AAF3;
09F7: A43FDB10A6BF9C4C;
09F8: A462EEADA69B9B69;
09F9: A486106BA677A84F;
09FA: A4A94044A653C303;
09FB: A4CC7E32A62FEB8C;
09FC: A4EFCA32A60C21EE;
09FD: A513243CA5E86630;
09FE: A5368C4CA5C4B856;
09FF: A55A025CA5A11867;
0A00: A57D8667A57D8667;
0A01: A5A11867A55A025C;
0A02: A5C4B856A5368C4C;
0A03: A5E86630A513243C;
0A04: A60C21EEA4EFCA32;
0A05: A62FEB8CA4CC7E32;
0A06: A653C303A4A94044;
0A07: A677A84FA486106B;
0A08: A69B9B69A462EEAD;
0A09: A6BF9C4CA43FDB10;
0A0A: A6E3AAF3A41CD59A;
0A0B: A707C757A3F9DE4E;
0A0C: A72BF174A3D6F534;
0A0D: A7502944A3B41A51;
0A0E: A7746EC1A3914DA8;
0A0F: A798C1E6A36E8F42;
0A10: A7BD22ACA34BDF21;
0A11: A7E1910FA3293D4C;
0A12: A8060D09A306A9C9;
0A13: A82A9694A2E4249B;
0A14: A84F2DABA2C1ADCA;
0A15: A873D247A29F455A;
0A16: A8988464A27CEB50;
0A17: A8BD43FBA25A9FB2;
0A18: A8E21107A2386285;
0A19: A906EB82A21633CE;
0A1A: A92BD367A1F41392;
0A1B: A950C8B0A1D201D8;
0A1C: A975CB57A1AFFEA3;
0A1D: A99ADB57A18E09FA;
0A1E: A9BFF8A9A16C23E2;
0A1F: A9E52348A14A4C5F;
0A20: AA0A5B2EA1288377;
0A21: AA2FA056A106C92F;
0A22: AA54F2BAA0E51D8D;
0A23: AA7A5254A0C38096;
0A24: AA9FBF1EA0A1F24E;
0A25: AAC53913A08072BB;
0A26: AAEAC02CA05F01E2;
0A27: AB105465A03D9FC8;
0A28: AB35F5B6A01C4C73;
0A29: AB5BA41B9FFB07E8;
0A2A: AB815F8D9FD9D22B;
0A2B: ABA728079FB8AB42;
0A2C: ABCCFD839F979332;
0A2D: ABF2DFFB9F768A00;
0A2E: AC18CF699F558FB1;
0A2F: AC3ECBC89F34A44A;
0A30: AC64D5119F13C7D1;
0A31: AC8AEB3F9EF2FA4A;
0A32: ACB10E4B9ED23BBA;
0A33: ACD73E319EB18C27;
0A34: ACFD7AE99E90EB95;
0A35: AD23C46E9E705A0A;
0A36: AD4A1ABB9E4FD78A;
0A37: AD707DC99E2F641B;
0A38: AD96ED929E0EFFC2;
0A39: ADBD6A119DEEAA83;
0A3A: ADE3F33F9DCE6464;
0A3B: AE0A89179DAE2D69;
0A3C: AE312B929D8E0598;
0A3D: AE57DAAB9D6DECF5;
0A3E: AE7E965C9D4DE385;
0A3F: AEA55E9E9D2DE94E;
0A40: AECC336C9D0DFE54;
0A41: AEF314C09CEE229D;
0A42: AF1A02949CCE562C;
0A43: AF40FCE19CAE9908;
0A44: AF6803A29C8EEB34;
0A45: AF8F16D19C6F4CB7;
0A46: AFB636689C4FBD94;
0A47: AFDD62609C303DD0;
0A48: B0049AB49C10CD71;
0A49: B02BDF5D9BF16C7B;
0A4A: B05330569BD21AF3;
0A4B: B07A8D989BB2D8DF;
0A4C: B0A1F71E9B93A641;
0A4D: B0C96CE09B748321;
0A4E: B0F0EEDB9B556F82;
0A4F: B1187D069B366B69;
0A50: B140175C9B1776DB;
0A51: B167BDD79AF891DC;
0A52: B18F70719AD9BC72;
0A53: B1B72F249ABAF6A1;
0A54: B1DEF9E99A9C406F;
0A55: B206D0BB9A7D99DE;
0A56: B22EB3939A5F02F6;
0A57: B256A26B9A407BB9;
0A58: B27E9D3D9A22042E;
0A59: B2A6A4029A039C58;
0A5A: B2CEB6B699E5443C;
0A5B: B2F6D55099C6FBDF;
0A5C: B31EFFCC99A8C345;
0A5D: B3473623998A9A74;
0A5E: B36F784F996C8170;
0A5F: B397C64A994E783D;
0A60: B3C0200D99307EE1;
0A61: B3E885929912955F;
0A62: B410F6D498F4BBBD;
0A63: B43973CA98D6F1FF;
0A64: B461FC7198B93829;
0A65: B48A90C1989B8E41;
0A66: B4B330B3987DF44A;
0A67: B4DBDC4398606A4A;
0A68: B50493699842F044;
0A69: B52D561F9825863E;
0A6A: B556245F98082C3C;
0A6B: B57EFE2297EAE242;
0A6C: B5A7E36397CDA856;
0A6D: B5D0D41B97B07E7B;
0A6E: B5F9D043979364B6;
0A6F: B622D7D697765B0B;
0A70: B64BEACD97596180;
0A71: B6750922973C7818;
0A72: B69E32CE971F9ED7;
0A73: B6C767CB9702D5C4;
0A74: B6F0A81296E61CE1;
0A75: B719F39E96C97433;
0A76: B7434A6896ACDBBF;
0A77: B76CAC6996905388;
0A78: B796199C9673DB95;
0A79: B7BF91F9965773E8;
0A7A: B7E9157B963B1C86;
0A7B: B812A41A961ED574;
0A7C: B83C3DD296029EB6;
0A7D: B865E29A95E67851;
0A7E: B88F926D95CA6248;
0A7F: B8B94D4595AE5C9F;
0A80: B8E3131A9592675D;
0A81: B90CE3E795768283;
0A82: B936BFA4955AAE18;
0A83: B960A64C953EEA1F;
0A84: B98A97D99523369C;
0A85: B9B4944395079395;
0A86: B9DE9B8494EC010C;
0A87: BA08AD9594D07F06;
0A88: BA32CA7194B50D88;
0A89: BA5CF2119499AC96;
0A8A: BA87246D947E5C34;
0A8B: BAB1618094631C66;
0A8C: BADBA9449447ED30;
0A8D: BB05FBB1942CCE97;
0A8E: BB3058C19411C09E;
0A8F: BB5AC06D93F6C34B;
0A90: BB8532B093DBD6A1;
0A91: BBAFAF8293C0FAA3;
0A92: BBDA36DD93A62F58;
0A93: BC04C8BB938B74C1;
0A94: BC2F65149370CAE5;
0A95: BC5A0BE2935631C6;
0A96: BC84BD1F933BA969;
0A97: BCAF78C4932131D2;
0A98: BCDA3ECB9306CB05;
0A99: BD050F2D92EC7506;
0A9A: BD2FE9E292D22FD9;
0A9B: BD5ACEE692B7FB83;
0A9C: BD85BE30929DD807;
0A9D: BDB0B7BB9283C569;
0A9E: BDDBBB809269C3AD;
0A9F: BE06C978924FD2D8;
0AA0: BE31E19C9235F2EC;
0AA1: BE5D03E6921C23F0;
0AA2: BE883050920265E5;
0AA3: BEB366D291E8B8D1;
0AA4: BEDEA76691CF1CB7;
0AA5: BF09F20591B5919B;
0AA6: BF3546A9919C1781;
0AA7: BF60A54A9182AE6E;
0AA8: BF8C0DE391695664;
0AA9: BFB7806D91500F68;
0AAA: BFE2FCE09136D97E;
0AAB: C00E8336911DB4AA;
0AAC: C03A13699104A0EF;
0AAD: C065AD7190EB9E51;
0AAE: C091514890D2ACD5;
0AAF: C0BCFEE890B9CC7D;
0AB0: C0E8B64990A0FD4F;
0AB1: C114776490883F4E;
0AB2: C1404234906F927D;
0AB3: C16C16B19056F6E0;
0AB4: C197F4D4903E6C7C;
0AB5: C1C3DC979025F353;
0AB6: C1EFCDF3900D8B6A;
0AB7: C21BC8E18FF534C5;
0AB8: C247CD5B8FDCEF67;
0AB9: C273DB598FC4BB54;
0ABA: C29FF2D58FAC9890;
0ABB: C2CC13C78F94871E;
0ABC: C2F83E2B8F7C8702;
0ABD: C32471F78F649840;
0ABE: C350AF268F4CBADC;
0ABF: C37CF5B18F34EED9;
0AC0: C3A945908F1D343B;
0AC1: C3D59EBE8F058B05;
0AC2: C40201338EEDF33C;
0AC3: C42E6CE98ED66CE2;
0AC4: C45AE1D78EBEF7FC;
0AC5: C4875FF98EA7948D;
0AC6: C4B3E7478E904299;
0AC7: C4E077B98E790223;
0AC8: C50D11498E61D32F;
0AC9: C539B3F18E4AB5C0;
0ACA: C5665FA98E33A9DA;
0ACB: C593146B8E1CAF81;
0ACC: C5BFD22F8E05C6B8;
0ACD: C5EC98EE8DEEEF83;
0ACE: C61968A38DD829E5;
0ACF: C64641458DC175E1;
0AD0: C67322CE8DAAD37C;
0AD1: C6A00D378D9442B8;
0AD2: C6CD00798D7DC39A;
0AD3: C6F9FC8E8D675624;
0AD4: C727016D8D50FA5A;
0AD5: C7540F118D3AB040;
0AD6: C78125728D2477D9;
0AD7: C7AE448A8D0E5128;
0AD8: C7DB6C508CF83C31;
0AD9: C8089CC08CE238F7;
0ADA: C835D5D08CCC477E;
0ADB: C863177C8CB667C9;
0ADC: C89061BA8CA099DB;
0ADD: C8BDB4868C8ADDB8;
0ADE: C8EB0FD68C753363;
0ADF: C91873A68C5F9ADF;
0AE0: C945DFED8C4A1430;
0AE1: C97354A48C349F59;
0AE2: C9A0D1C58C1F3C5E;
0AE3: C9CE57488C09EB41;
0AE4: C9FBE5278BF4AC06;
0AE5: CA297B5B8BDF7EB1;
0AE6: CA5719DC8BCA6344;
0AE7: CA84C0A38BB559C2;
0AE8: CAB26FAA8BA06230;
0AE9: CAE026E88B8B7C90;
0AEA: CB0DE6598B76A8E5;
0AEB: CB3BADF38B61E733;
0AEC: CB697DB18B4D377D;
0AED: CB97558A8B3899C6;
0AEE: CBC535798B240E12;
0AEF: CBF31D768B0F9462;
0AF0: CC210D798AFB2CBC;
0AF1: CC4F057C8AE6D721;
0AF2: CC7D05788AD29395;
0AF3: CCAB0D668ABE621A;
0AF4: CCD91D3E8AAA42B5;
0AF5: CD0734F98A963568;
0AF6: CD3554918A823A37;
0AF7: CD637BFE8A6E5124;
0AF8: CD91AB398A5A7A32;
0AF9: CDBFE23B8A46B564;
0AFA: CDEE20FD8A3302BF;
0AFB: CE1C67778A1F6244;
0AFC: CE4AB5A38A0BD3F6;
0AFD: CE790B7989F857D9;
0AFE: CEA768F389E4EDF0;
0AFF: CED5CE0889D1963D;
0B00: CF043AB389BE50C4;
0B01: CF32AEEB89AB1D88;
0B02: CF612AAA8997FC8B;
0B03: CF8FADE98984EDD0;
0B04: CFBE38A08971F15B;
0B05: CFECCAC8895F072F;
0B06: D01B6459894C2F4D;
0B07: D04A054E893969BA;
0B08: D078AD9E8926B678;
0B09: D0A75D438914158A;
0B0A: D0D61434890186F3;
0B0B: D104D26C88EF0AB5;
0B0C: D13397E288DCA0D4;
0B0D: D162649088CA4952;
0B0E: D191386E88B80433;
0B0F: D1C0137588A5D178;
0B10: D1EEF59E8893B126;
0B11: D21DDEE28881A33E;
0B12: D24CCF39886FA7C3;
0B13: D27BC69D885DBEB9;
0B14: D2AAC505884BE821;
0B15: D2D9CA6B883A2400;
0B16: D308D6C788287257;
0B17: D337EA128816D328;
0B18: D367044688054678;
0B19: D396255A87F3CC49;
0B1A: D3C54D4787E2649C;
0B1B: D3F47C0787D10F76;
0B1C: D423B19187BFCCD8;
0B1D: D452EDDF87AE9CC6;
0B1E: D48230E9879D7F41;
0B1F: D4B17AA8878C744E;
0B20: D4E0CB15877B7BED;
0B21: D5102228876A9622;
0B22: D53F7FDA8759C2F0;
0B23: D56EE42487490259;
0B24: D59E4EFF8738545F;
0B25: D5CDC0638727B906;
0B26: D5FD38488717304F;
0B27: D62CB6A88706BA3E;
0B28: D65C3B7B86F656D4;
0B29: D68BC6BA86E60615;
0B2A: D6BB585E86D5C803;
0B2B: D6EAF05F86C59CA0;
0B2C: D71A8EB686B583EF;
0B2D: D74A335B86A57DF3;
0B2E: D779DE4786958AAD;
0B2F: D7A98F738685AA20;
0B30: D7D946D88675DC50;
0B31: D809046E8666213D;
0B32: D838C82D865678EB;
0B33: D868920F8646E35D;
0B34: D898620C86376093;
0B35: D8C8381D8627F092;
0B36: D8F8143A8618935A;
0B37: D927F65B860948F0;
0B38: D957DE7B85FA1154;
0B39: D987CC9085EAEC89;
0B3A: D9B7C09485DBDA92;
0B3B: D9E7BA7F85CCDB71;
0B3C: DA17BA4A85BDEF28;
0B3D: DA47BFEE85AF15BA;
0B3E: DA77CB6385A04F29;
0B3F: DAA7DCA285919B77;
0B40: DAD7F3A38582FAA6;
0B41: DB08105E85746CB9;
0B42: DB3832CE8565F1B1;
0B43: DB685AE985578992;
0B44: DB9888A98549345D;
0B45: DBC8BC06853AF215;
0B46: DBF8F4F9852CC2BC;
0B47: DC29337A851EA653;
0B48: DC59778285109CDD;
0B49: DC89C1098502A65D;
0B4A: DCBA100884F4C2D5;
0B4B: DCEA647884E6F245;
0B4C: DD1ABE5184D934B2;
0B4D: DD4B1D8C84CB8A1C;
0B4E: DD7B822184BDF287;
0B4F: DDABEC0884B06DF3;
0B50: DDDC5B3B84A2FC63;
0B51: DE0CCFB184959DDA;
0B52: DE3D496484885259;
0B53: DE6DC84C847B19E2;
0B54: DE9E4C61846DF478;
0B55: DECED59B8460E21B;
0B56: DEFF63F48453E2D0;
0B57: DF2FF7648446F696;
0B58: DF608FE4843A1D71;
0B59: DF912D6B842D5763;
0B5A: DFC1CFF38420A46D;
0B5B: DFF2777384140491;
0B5C: E02323E5840777D1;
0B5D: E053D54183FAFE2F;
0B5E: E0848B8083EE97AE;
0B5F: E0B5469983E2444E;
0B60: E0E6068583D60413;
0B61: E116CB3D83C9D6FD;
0B62: E14794BA83BDBD0F;
0B63: E17862F383B1B64A;
0B64: E1A935E283A5C2B1;
0B65: E1DA0D7F8399E245;
0B66: E20AE9C1838E1508;
0B67: E23BCAA383825AFC;
0B68: E26CB01B8376B423;
0B69: E29D9A23836B207E;
0B6A: E2CE88B3835FA010;
0B6B: E2FF7BC4835432D9;
0B6C: E330734D8348D8DD;
0B6D: E3616F48833D921C;
0B6E: E3926FAD83325E98;
0B6F: E3C3747483273E53;
0B70: E3F47D96831C314F;
0B71: E4258B0B8311378E;
0B72: E4569CCB83065111;
0B73: E487B2D082FB7DD9;
0B74: E4B8CD1182F0BDE9;
0B75: E4E9EB8782E61142;
0B76: E51B0E2A82DB77E6;
0B77: E54C34F382D0F1D6;
0B78: E57D5FDB82C67F15;
0B79: E5AE8ED882BC1FA3;
0B7A: E5DFC1E582B1D382;
0B7B: E610F8F982A79AB4;
0B7C: E642340D829D753B;
0B7D: E673731A82936318;
0B7E: E6A4B6168289644C;
0B7F: E6D5FCFC827F78D9;
0B80: E70747C48275A0C1;
0B81: E7389665826BDC05;
0B82: E769E8D882622AA7;
0B83: E79B3F1682588CA8;
0B84: E7CC9918824F0209;
0B85: E7FDF6D482458ACD;
0B86: E82F5844823C26F4;
0B87: E860BD618232D680;
0B88: E892262282299972;
0B89: E8C3928082206FCD;
0B8A: E8F5027382175991;
0B8B: E92675F4820E56BF;
0B8C: E957ECFB82056759;
0B8D: E989678181FC8B61;
0B8E: E9BAE57D81F3C2D8;
0B8F: E9EC66E981EB0DBF;
0B90: EA1DEBBC81E26C17;
0B91: EA4F73EF81D9DDE2;
0B92: EA80FF7A81D16322;
0B93: EAB28E5681C8FBD7;
0B94: EAE4207B81C0A802;
0B95: EB15B5E181B867A6;
0B96: EB474E8181B03AC3;
0B97: EB78EA5381A8215A;
0B98: EBAA894F81A01B6E;
0B99: EBDC2B6E819828FE;
0B9A: EC0DD0A881904A0D;
0B9B: EC3F78F681887E9B;
0B9C: EC71244F8180C6AA;
0B9D: ECA2D2AD8179223B;
0B9E: ECD484078171914F;
0B9F: ED063856816A13E7;
0BA0: ED37EF928162AA05;
0BA1: ED69A9B3815B53A9;
0BA2: ED9B66B2815410D5;
0BA3: EDCD2687814CE189;
0BA4: EDFEE92B8145C5C8;
0BA5: EE30AE96813EBD91;
0BA6: EE6276BF8137C8E7;
0BA7: EE9441A08130E7CA;
0BA8: EEC60F31812A1A3B;
0BA9: EEF7DF6A8123603B;
0BAA: EF29B243811CB9CB;
0BAB: EF5B87B5811626ED;
0BAC: EF8D5FB8810FA7A1;
0BAD: EFBF3A4581093BE9;
0BAE: EFF117538102E3C5;
0BAF: F022F6DB80FC9F36;
0BB0: F054D8D580F66E3D;
0BB1: F086BD3A80F050DC;
0BB2: F0B8A40180EA4713;
0BB3: F0EA8D2480E450E3;
0BB4: F11C789A80DE6E4D;
0BB5: F14E665C80D89F52;
0BB6: F180566380D2E3F3;
0BB7: F1B248A580CD3C30;
0BB8: F1E43D1C80C7A80B;
0BB9: F21633C180C22785;
0BBA: F2482C8A80BCBA9E;
0BBB: F27A277180B76157;
0BBC: F2AC246E80B21BB0;
0BBD: F2DE237980ACE9AC;
0BBE: F310248B80A7CB4A;
0BBF: F342279B80A2C08C;
0BC0: F3742CA2809DC972;
0BC1: F3A633998098E5FC;
0BC2: F3D83C778094162D;
0BC3: F40A4735808F5A03;
0BC4: F43C53CB808AB181;
0BC5: F46E623280861CA7;
0BC6: F4A0726180819B75;
0BC7: F4D28451807D2DED;
0BC8: F50497FB8078D40E;
0BC9: F536AD5680748DDA;
0BCA: F568C45B80705B51;
0BCB: F59ADD02806C3C75;
0BCC: F5CCF74480683144;
0BCD: F5FF1318806439C1;
0BCE: F6313077806055EC;
0BCF: F6634F59805C85C5;
0BD0: F6956FB78058C94D;
0BD1: F6C7918880552085;
0BD2: F6F9B4C680518B6C;
0BD3: F72BD967804E0A05;
0BD4: F75DFF66804A9C4E;
0BD5: F79026B980474249;
0BD6: F7C24F598043FBF7;
0BD7: F7F4793E8040C957;
0BD8: F826A462803DAA6B;
0BD9: F858D0BB803A9F32;
0BDA: F88AFE428037A7AD;
0BDB: F8BD2CEF8034C3DE;
0BDC: F8EF5CBB8031F3C3;
0BDD: F9218D9E802F375E;
0BDE: F953BF91802C8EAE;
0BDF: F985F28A8029F9B5;
0BE0: F9B8268480277873;
0BE1: F9EA5B7580250AE8;
0BE2: FA1C91578022B115;
0BE3: FA4EC82180206AF9;
0BE4: FA80FFCB801E3896;
0BE5: FAB3384F801C19EB;
0BE6: FAE571A4801A0EF9;
0BE7: FB17ABC2801817C0;
0BE8: FB49E6A380163441;
0BE9: FB7C223D8014647C;
0BEA: FBAE5E898012A870;
0BEB: FBE09B8080110020;
0BEC: FC12D91A800F6B89;
0BED: FC45174E800DEAAE;
0BEE: FC775616800C7D8D;
0BEF: FCA9956A800B2428;
0BF0: FCDBD5418009DE7F;
0BF1: FD0E15948008AC91;
0BF2: FD40565C80078E5F;
0BF3: FD729790800683E9;
0BF4: FDA4D92980058D30;
0BF5: FDD71B1E8004AA33;
0BF6: FE095D698003DAF2;
0BF7: FE3BA00280031F6E;
0BF8: FE6DE2E0800277A7;
0BF9: FEA025FD8001E39C;
0BFA: FED2694F8001634F;
0BFB: FF04ACD08000F6BE;
0BFC: FF36F07880009DEB;
0BFD: FF69343F800058D5;
0BFE: FF9B781D8000277B;
0BFF: FFCDBC0B800009E0;
0C00: 0000000080000001;
0C01: 003243F5800009E0;
0C02: 006487E38000277B;
0C03: 0096CBC1800058D5;
0C04: 00C90F8880009DEB;
0C05: 00FB53308000F6BE;
0C06: 012D96B18001634F;
0C07: 015FDA038001E39C;
0C08: 01921D20800277A7;
0C09: 01C45FFE80031F6E;
0C0A: 01F6A2978003DAF2;
0C0B: 0228E4E28004AA33;
0C0C: 025B26D780058D30;
0C0D: 028D6870800683E9;
0C0E: 02BFA9A480078E5F;
0C0F: 02F1EA6C8008AC91;
0C10: 03242ABF8009DE7F;
0C11: 03566A96800B2428;
0C12: 0388A9EA800C7D8D;
0C13: 03BAE8B2800DEAAE;
0C14: 03ED26E6800F6B89;
0C15: 041F648080110020;
0C16: 0451A1778012A870;
0C17: 0483DDC38014647C;
0C18: 04B6195D80163441;
0C19: 04E8543E801817C0;
0C1A: 051A8E5C801A0EF9;
0C1B: 054CC7B1801C19EB;
0C1C: 057F0035801E3896;
0C1D: 05B137DF80206AF9;
0C1E: 05E36EA98022B115;
0C1F: 0615A48B80250AE8;
0C20: 0647D97C80277873;
0C21: 067A0D768029F9B5;
0C22: 06AC406F802C8EAE;
0C23: 06DE7262802F375E;
0C24: 0710A3458031F3C3;
0C25: 0742D3118034C3DE;
0C26: 077501BE8037A7AD;
0C27: 07A72F45803A9F32;
0C28: 07D95B9E803DAA6B;
0C29: 080B86C28040C957;
0C2A: 083DB0A78043FBF7;
0C2B: 086FD94780474249;
0C2C: 08A2009A804A9C4E;
0C2D: 08D42699804E0A05;
0C2E: 09064B3A80518B6C;
0C2F: 09386E7880552085;
0C30: 096A90498058C94D;
0C31: 099CB0A7805C85C5;
0C32: 09CECF89806055EC;
0C33: 0A00ECE8806439C1;
0C34: 0A3308BC80683144;
0C35: 0A6522FE806C3C75;
0C36: 0A973BA580705B51;
0C37: 0AC952AA80748DDA;
0C38: 0AFB68058078D40E;
0C39: 0B2D7BAF807D2DED;
0C3A: 0B5F8D9F80819B75;
0C3B: 0B919DCE80861CA7;
0C3C: 0BC3AC35808AB181;
0C3D: 0BF5B8CB808F5A03;
0C3E: 0C27C3898094162D;
0C3F: 0C59CC678098E5FC;
0C40: 0C8BD35E809DC972;
0C41: 0CBDD86580A2C08C;
0C42: 0CEFDB7580A7CB4A;
0C43: 0D21DC8780ACE9AC;
0C44: 0D53DB9280B21BB0;
0C45: 0D85D88F80B76157;
0C46: 0DB7D37680BCBA9E;
0C47: 0DE9CC3F80C22785;
0C48: 0E1BC2E480C7A80B;
0C49: 0E4DB75B80CD3C30;
0C4A: 0E7FA99D80D2E3F3;
0C4B: 0EB199A480D89F52;
0C4C: 0EE3876680DE6E4D;
0C4D: 0F1572DC80E450E3;
0C4E: 0F475BFF80EA4713;
0C4F: 0F7942C680F050DC;
0C50: 0FAB272B80F66E3D;
0C51: 0FDD092580FC9F36;
0C52: 100EE8AD8102E3C5;
0C53: 1040C5BB81093BE9;
0C54: 1072A048810FA7A1;
0C55: 10A4784B811626ED;
0C56: 10D64DBD811CB9CB;
0C57: 110820968123603B;
0C58: 1139F0CF812A1A3B;
0C59: 116BBE608130E7CA;
0C5A: 119D89418137C8E7;
0C5B: 11CF516A813EBD91;
0C5C: 120116D58145C5C8;
0C5D: 1232D979814CE189;
0C5E: 1264994E815410D5;
0C5F: 1296564D815B53A9;
0C60: 12C8106E8162AA05;
0C61: 12F9C7AA816A13E7;
0C62: 132B7BF98171914F;
0C63: 135D2D538179223B;
0C64: 138EDBB18180C6AA;
0C65: 13C0870A81887E9B;
0C66: 13F22F5881904A0D;
0C67: 1423D492819828FE;
0C68: 145576B181A01B6E;
0C69: 148715AD81A8215A;
0C6A: 14B8B17F81B03AC3;
0C6B: 14EA4A1F81B867A6;
0C6C: 151BDF8581C0A802;
0C6D: 154D71AA81C8FBD7;
0C6E: 157F008681D16322;
0C6F: 15B08C1181D9DDE2;
0C70: 15E2144481E26C17;
0C71: 1613991781EB0DBF;
0C72: 16451A8381F3C2D8;
0C73: 1676987F81FC8B61;
0C74: 16A8130582056759;
0C75: 16D98A0C820E56BF;
0C76: 170AFD8D82175991;
0C77: 173C6D8082206FCD;
0C78: 176DD9DE82299972;
0C79: 179F429F8232D680;
0C7A: 17D0A7BC823C26F4;
0C7B: 1802092C82458ACD;
0C7C: 183366E8824F0209;
0C7D: 1864C0EA82588CA8;
0C7E: 1896172882622AA7;
0C7F: 18C7699B826BDC05;
0C80: 18F8B83C8275A0C1;
0C81: 192A0304827F78D9;
0C82: 195B49EA8289644C;
0C83: 198C8CE682936318;
0C84: 19BDCBF3829D753B;
0C85: 19EF070782A79AB4;
0C86: 1A203E1B82B1D382;
0C87: 1A51712882BC1FA3;
0C88: 1A82A02582C67F15;
0C89: 1AB3CB0D82D0F1D6;
0C8A: 1AE4F1D682DB77E6;
0C8B: 1B16147982E61142;
0C8C: 1B4732EF82F0BDE9;
0C8D: 1B784D3082FB7DD9;
0C8E: 1BA9633583065111;
0C8F: 1BDA74F58311378E;
0C90: 1C0B826A831C314F;
0C91: 1C3C8B8C83273E53;
0C92: 1C6D905383325E98;
0C93: 1C9E90B8833D921C;
0C94: 1CCF8CB38348D8DD;
0C95: 1D00843C835432D9;
0C96: 1D31774D835FA010;
0C97: 1D6265DD836B207E;
0C98: 1D934FE58376B423;
0C99: 1DC4355D83825AFC;
0C9A: 1DF5163F838E1508;
0C9B: 1E25F2818399E245;
0C9C: 1E56CA1E83A5C2B1;
0C9D: 1E879D0D83B1B64A;
0C9E: 1EB86B4683BDBD0F;
0C9F: 1EE934C383C9D6FD;
0CA0: 1F19F97B83D60413;
0CA1: 1F4AB96783E2444E;
0CA2: 1F7B748083EE97AE;
0CA3: 1FAC2ABF83FAFE2F;
0CA4: 1FDCDC1B840777D1;
0CA5: 200D888D84140491;
0CA6: 203E300D8420A46D;
0CA7: 206ED295842D5763;
0CA8: 209F701C843A1D71;
0CA9: 20D0089C8446F696;
0CAA: 21009C0C8453E2D0;
0CAB: 21312A658460E21B;
0CAC: 2161B39F846DF478;
0CAD: 219237B4847B19E2;
0CAE: 21C2B69C84885259;
0CAF: 21F3304F84959DDA;
0CB0: 2223A4C584A2FC63;
0CB1: 225413F884B06DF3;
0CB2: 22847DDF84BDF287;
0CB3: 22B4E27484CB8A1C;
0CB4: 22E541AF84D934B2;
0CB5: 23159B8884E6F245;
0CB6: 2345EFF884F4C2D5;
0CB7: 23763EF78502A65D;
0CB8: 23A6887E85109CDD;
0CB9: 23D6CC86851EA653;
0CBA: 24070B07852CC2BC;
0CBB: 243743FA853AF215;
0CBC: 246777578549345D;
0CBD: 2497A51785578992;
0CBE: 24C7CD328565F1B1;
0CBF: 24F7EFA285746CB9;
0CC0: 25280C5D8582FAA6;
0CC1: 2558235E85919B77;
0CC2: 2588349D85A04F29;
0CC3: 25B8401285AF15BA;
0CC4: 25E845B685BDEF28;
0CC5: 2618458185CCDB71;
0CC6: 26483F6C85DBDA92;
0CC7: 2678337085EAEC89;
0CC8: 26A8218585FA1154;
0CC9: 26D809A5860948F0;
0CCA: 2707EBC68618935A;
0CCB: 2737C7E38627F092;
0CCC: 27679DF486376093;
0CCD: 27976DF18646E35D;
0CCE: 27C737D3865678EB;
0CCF: 27F6FB928666213D;
0CD0: 2826B9288675DC50;
0CD1: 2856708D8685AA20;
0CD2: 288621B986958AAD;
0CD3: 28B5CCA586A57DF3;
0CD4: 28E5714A86B583EF;
0CD5: 29150FA186C59CA0;
0CD6: 2944A7A286D5C803;
0CD7: 2974394686E60615;
0CD8: 29A3C48586F656D4;
0CD9: 29D349588706BA3E;
0CDA: 2A02C7B88717304F;
0CDB: 2A323F9D8727B906;
0CDC: 2A61B1018738545F;
0CDD: 2A911BDC87490259;
0CDE: 2AC080268759C2F0;
0CDF: 2AEFDDD8876A9622;
0CE0: 2B1F34EB877B7BED;
0CE1: 2B4E8558878C744E;
0CE2: 2B7DCF17879D7F41;
0CE3: 2BAD122187AE9CC6;
0CE4: 2BDC4E6F87BFCCD8;
0CE5: 2C0B83F987D10F76;
0CE6: 2C3AB2B987E2649C;
0CE7: 2C69DAA687F3CC49;
0CE8: 2C98FBBA88054678;
0CE9: 2CC815EE8816D328;
0CEA: 2CF7293988287257;
0CEB: 2D263595883A2400;
0CEC: 2D553AFB884BE821;
0CED: 2D843963885DBEB9;
0CEE: 2DB330C7886FA7C3;
0CEF: 2DE2211E8881A33E;
0CF0: 2E110A628893B126;
0CF1: 2E3FEC8B88A5D178;
0CF2: 2E6EC79288B80433;
0CF3: 2E9D9B7088CA4952;
0CF4: 2ECC681E88DCA0D4;
0CF5: 2EFB2D9488EF0AB5;
0CF6: 2F29EBCC890186F3;
0CF7: 2F58A2BD8914158A;
0CF8: 2F8752628926B678;
0CF9: 2FB5FAB2893969BA;
0CFA: 2FE49BA7894C2F4D;
0CFB: 30133538895F072F;
0CFC: 3041C7608971F15B;
0CFD: 307052178984EDD0;
0CFE: 309ED5568997FC8B;
0CFF: 30CD511589AB1D88;
0D00: 30FBC54D89BE50C4;
0D01: 312A31F889D1963D;
0D02: 3158970D89E4EDF0;
0D03: 3186F48789F857D9;
0D04: 31B54A5D8A0BD3F6;
0D05: 31E398898A1F6244;
0D06: 3211DF038A3302BF;
0D07: 32401DC58A46B564;
0D08: 326E54C78A5A7A32;
0D09: 329C84028A6E5124;
0D0A: 32CAAB6F8A823A37;
0D0B: 32F8CB078A963568;
0D0C: 3326E2C28AAA42B5;
0D0D: 3354F29A8ABE621A;
0D0E: 3382FA888AD29395;
0D0F: 33B0FA848AE6D721;
0D10: 33DEF2878AFB2CBC;
0D11: 340CE28A8B0F9462;
0D12: 343ACA878B240E12;
0D13: 3468AA768B3899C6;
0D14: 3496824F8B4D377D;
0D15: 34C4520D8B61E733;
0D16: 34F219A78B76A8E5;
0D17: 351FD9188B8B7C90;
0D18: 354D90568BA06230;
0D19: 357B3F5D8BB559C2;
0D1A: 35A8E6248BCA6344;
0D1B: 35D684A58BDF7EB1;
0D1C: 36041AD98BF4AC06;
0D1D: 3631A8B88C09EB41;
0D1E: 365F2E3B8C1F3C5E;
0D1F: 368CAB5C8C349F59;
0D20: 36BA20138C4A1430;
0D21: 36E78C5A8C5F9ADF;
0D22: 3714F02A8C753363;
0D23: 37424B7A8C8ADDB8;
0D24: 376F9E468CA099DB;
0D25: 379CE8848CB667C9;
0D26: 37CA2A308CCC477E;
0D27: 37F763408CE238F7;
0D28: 382493B08CF83C31;
0D29: 3851BB768D0E5128;
0D2A: 387EDA8E8D2477D9;
0D2B: 38ABF0EF8D3AB040;
0D2C: 38D8FE938D50FA5A;
0D2D: 390603728D675624;
0D2E: 3932FF878D7DC39A;
0D2F: 395FF2C98D9442B8;
0D30: 398CDD328DAAD37C;
0D31: 39B9BEBB8DC175E1;
0D32: 39E6975D8DD829E5;
0D33: 3A1367128DEEEF83;
0D34: 3A402DD18E05C6B8;
0D35: 3A6CEB958E1CAF81;
0D36: 3A99A0578E33A9DA;
0D37: 3AC64C0F8E4AB5C0;
0D38: 3AF2EEB78E61D32F;
0D39: 3B1F88478E790223;
0D3A: 3B4C18B98E904299;
0D3B: 3B78A0078EA7948D;
0D3C: 3BA51E298EBEF7FC;
0D3D: 3BD193178ED66CE2;
0D3E: 3BFDFECD8EEDF33C;
0D3F: 3C2A61428F058B05;
0D40: 3C56BA708F1D343B;
0D41: 3C830A4F8F34EED9;
0D42: 3CAF50DA8F4CBADC;
0D43: 3CDB8E098F649840;
0D44: 3D07C1D58F7C8702;
0D45: 3D33EC398F94871E;
0D46: 3D600D2B8FAC9890;
0D47: 3D8C24A78FC4BB54;
0D48: 3DB832A58FDCEF67;
0D49: 3DE4371F8FF534C5;
0D4A: 3E10320D900D8B6A;
0D4B: 3E3C23699025F353;
0D4C: 3E680B2C903E6C7C;
0D4D: 3E93E94F9056F6E0;
0D4E: 3EBFBDCC906F927D;
0D4F: 3EEB889C90883F4E;
0D50: 3F1749B790A0FD4F;
0D51: 3F43011890B9CC7D;
0D52: 3F6EAEB890D2ACD5;
0D53: 3F9A528F90EB9E51;
0D54: 3FC5EC979104A0EF;
0D55: 3FF17CCA911DB4AA;
0D56: 401D03209136D97E;
0D57: 40487F9391500F68;
0D58: 4073F21D91695664;
0D59: 409F5AB69182AE6E;
0D5A: 40CAB957919C1781;
0D5B: 40F60DFB91B5919B;
0D5C: 4121589A91CF1CB7;
0D5D: 414C992E91E8B8D1;
0D5E: 4177CFB0920265E5;
0D5F: 41A2FC1A921C23F0;
0D60: 41CE1E649235F2EC;
0D61: 41F93688924FD2D8;
0D62: 422444809269C3AD;
0D63: 424F48459283C569;
0D64: 427A41D0929DD807;
0D65: 42A5311A92B7FB83;
0D66: 42D0161E92D22FD9;
0D67: 42FAF0D392EC7506;
0D68: 4325C1359306CB05;
0D69: 4350873C932131D2;
0D6A: 437B42E1933BA969;
0D6B: 43A5F41E935631C6;
0D6C: 43D09AEC9370CAE5;
0D6D: 43FB3745938B74C1;
0D6E: 4425C92393A62F58;
0D6F: 4450507E93C0FAA3;
0D70: 447ACD5093DBD6A1;
0D71: 44A53F9393F6C34B;
0D72: 44CFA73F9411C09E;
0D73: 44FA044F942CCE97;
0D74: 452456BC9447ED30;
0D75: 454E9E8094631C66;
0D76: 4578DB93947E5C34;
0D77: 45A30DEF9499AC96;
0D78: 45CD358F94B50D88;
0D79: 45F7526B94D07F06;
0D7A: 4621647C94EC010C;
0D7B: 464B6BBD95079395;
0D7C: 467568279523369C;
0D7D: 469F59B4953EEA1F;
0D7E: 46C9405C955AAE18;
0D7F: 46F31C1995768283;
0D80: 471CECE69592675D;
0D81: 4746B2BB95AE5C9F;
0D82: 47706D9395CA6248;
0D83: 479A1D6695E67851;
0D84: 47C3C22E96029EB6;
0D85: 47ED5BE6961ED574;
0D86: 4816EA85963B1C86;
0D87: 48406E07965773E8;
0D88: 4869E6649673DB95;
0D89: 4893539796905388;
0D8A: 48BCB59896ACDBBF;
0D8B: 48E60C6296C97433;
0D8C: 490F57EE96E61CE1;
0D8D: 493898359702D5C4;
0D8E: 4961CD32971F9ED7;
0D8F: 498AF6DE973C7818;
0D90: 49B4153397596180;
0D91: 49DD282A97765B0B;
0D92: 4A062FBD979364B6;
0D93: 4A2F2BE597B07E7B;
0D94: 4A581C9D97CDA856;
0D95: 4A8101DE97EAE242;
0D96: 4AA9DBA198082C3C;
0D97: 4AD2A9E19825863E;
0D98: 4AFB6C979842F044;
0D99: 4B2423BD98606A4A;
0D9A: 4B4CCF4D987DF44A;
0D9B: 4B756F3F989B8E41;
0D9C: 4B9E038F98B93829;
0D9D: 4BC68C3698D6F1FF;
0D9E: 4BEF092C98F4BBBD;
0D9F: 4C177A6E9912955F;
0DA0: 4C3FDFF399307EE1;
0DA1: 4C6839B6994E783D;
0DA2: 4C9087B1996C8170;
0DA3: 4CB8C9DD998A9A74;
0DA4: 4CE1003499A8C345;
0DA5: 4D092AB099C6FBDF;
0DA6: 4D31494A99E5443C;
0DA7: 4D595BFE9A039C58;
0DA8: 4D8162C39A22042E;
0DA9: 4DA95D959A407BB9;
0DAA: 4DD14C6D9A5F02F6;
0DAB: 4DF92F459A7D99DE;
0DAC: 4E2106179A9C406F;
0DAD: 4E48D0DC9ABAF6A1;
0DAE: 4E708F8F9AD9BC72;
0DAF: 4E9842299AF891DC;
0DB0: 4EBFE8A49B1776DB;
0DB1: 4EE782FA9B366B69;
0DB2: 4F0F11259B556F82;
0DB3: 4F3693209B748321;
0DB4: 4F5E08E29B93A641;
0DB5: 4F8572689BB2D8DF;
0DB6: 4FACCFAA9BD21AF3;
0DB7: 4FD420A39BF16C7B;
0DB8: 4FFB654C9C10CD71;
0DB9: 50229DA09C303DD0;
0DBA: 5049C9989C4FBD94;
0DBB: 5070E92F9C6F4CB7;
0DBC: 5097FC5E9C8EEB34;
0DBD: 50BF031F9CAE9908;
0DBE: 50E5FD6C9CCE562C;
0DBF: 510CEB409CEE229D;
0DC0: 5133CC949D0DFE54;
0DC1: 515AA1629D2DE94E;
0DC2: 518169A49D4DE385;
0DC3: 51A825559D6DECF5;
0DC4: 51CED46E9D8E0598;
0DC5: 51F576E99DAE2D69;
0DC6: 521C0CC19DCE6464;
0DC7: 524295EF9DEEAA83;
0DC8: 5269126E9E0EFFC2;
0DC9: 528F82379E2F641B;
0DCA: 52B5E5459E4FD78A;
0DCB: 52DC3B929E705A0A;
0DCC: 530285179E90EB95;
0DCD: 5328C1CF9EB18C27;
0DCE: 534EF1B59ED23BBA;
0DCF: 537514C19EF2FA4A;
0DD0: 539B2AEF9F13C7D1;
0DD1: 53C134389F34A44A;
0DD2: 53E730979F558FB1;
0DD3: 540D20059F768A00;
0DD4: 5433027D9F979332;
0DD5: 5458D7F99FB8AB42;
0DD6: 547EA0739FD9D22B;
0DD7: 54A45BE59FFB07E8;
0DD8: 54CA0A4AA01C4C73;
0DD9: 54EFAB9BA03D9FC8;
0DDA: 55153FD4A05F01E2;
0DDB: 553AC6EDA08072BB;
0DDC: 556040E2A0A1F24E;
0DDD: 5585ADACA0C38096;
0DDE: 55AB0D46A0E51D8D;
0DDF: 55D05FAAA106C92F;
0DE0: 55F5A4D2A1288377;
0DE1: 561ADCB8A14A4C5F;
0DE2: 56400757A16C23E2;
0DE3: 566524A9A18E09FA;
0DE4: 568A34A9A1AFFEA3;
0DE5: 56AF3750A1D201D8;
0DE6: 56D42C99A1F41392;
0DE7: 56F9147EA21633CE;
0DE8: 571DEEF9A2386285;
0DE9: 5742BC05A25A9FB2;
0DEA: 57677B9CA27CEB50;
0DEB: 578C2DB9A29F455A;
0DEC: 57B0D255A2C1ADCA;
0DED: 57D5696CA2E4249B;
0DEE: 57F9F2F7A306A9C9;
0DEF: 581E6EF1A3293D4C;
0DF0: 5842DD54A34BDF21;
0DF1: 58673E1AA36E8F42;
0DF2: 588B913FA3914DA8;
0DF3: 58AFD6BCA3B41A51;
0DF4: 58D40E8CA3D6F534;
0DF5: 58F838A9A3F9DE4E;
0DF6: 591C550DA41CD59A;
0DF7: 594063B4A43FDB10;
0DF8: 59646497A462EEAD;
0DF9: 598857B1A486106B;
0DFA: 59AC3CFDA4A94044;
0DFB: 59D01474A4CC7E32;
0DFC: 59F3DE12A4EFCA32;
0DFD: 5A1799D0A513243C;
0DFE: 5A3B47AAA5368C4C;
0DFF: 5A5EE799A55A025C;
0E00: 5A827999A57D8667;
0E01: 5AA5FDA4A5A11867;
0E02: 5AC973B4A5C4B856;
0E03: 5AECDBC4A5E86630;
0E04: 5B1035CEA60C21EE;
0E05: 5B3381CEA62FEB8C;
0E06: 5B56BFBCA653C303;
0E07: 5B79EF95A677A84F;
0E08: 5B9D1153A69B9B69;
0E09: 5BC024F0A6BF9C4C;
0E0A: 5BE32A66A6E3AAF3;
0E0B: 5C0621B2A707C757;
0E0C: 5C290ACCA72BF174;
0E0D: 5C4BE5AFA7502944;
0E0E: 5C6EB258A7746EC1;
0E0F: 5C9170BEA798C1E6;
0E10: 5CB420DFA7BD22AC;
0E11: 5CD6C2B4A7E1910F;
0E12: 5CF95637A8060D09;
0E13: 5D1BDB65A82A9694;
0E14: 5D3E5236A84F2DAB;
0E15: 5D60BAA6A873D247;
0E16: 5D8314B0A8988464;
0E17: 5DA5604EA8BD43FB;
0E18: 5DC79D7BA8E21107;
0E19: 5DE9CC32A906EB82;
0E1A: 5E0BEC6EA92BD367;
0E1B: 5E2DFE28A950C8B0;
0E1C: 5E50015DA975CB57;
0E1D: 5E71F606A99ADB57;
0E1E: 5E93DC1EA9BFF8A9;
0E1F: 5EB5B3A1A9E52348;
0E20: 5ED77C89AA0A5B2E;
0E21: 5EF936D1AA2FA056;
0E22: 5F1AE273AA54F2BA;
0E23: 5F3C7F6AAA7A5254;
0E24: 5F5E0DB2AA9FBF1E;
0E25: 5F7F8D45AAC53913;
0E26: 5FA0FE1EAAEAC02C;
0E27: 5FC26038AB105465;
0E28: 5FE3B38DAB35F5B6;
0E29: 6004F818AB5BA41B;
0E2A: 60262DD5AB815F8D;
0E2B: 604754BEABA72807;
0E2C: 60686CCEABCCFD83;
0E2D: 60897600ABF2DFFB;
0E2E: 60AA704FAC18CF69;
0E2F: 60CB5BB6AC3ECBC8;
0E30: 60EC382FAC64D511;
0E31: 610D05B6AC8AEB3F;
0E32: 612DC446ACB10E4B;
0E33: 614E73D9ACD73E31;
0E34: 616F146BACFD7AE9;
0E35: 618FA5F6AD23C46E;
0E36: 61B02876AD4A1ABB;
0E37: 61D09BE5AD707DC9;
0E38: 61F1003EAD96ED92;
0E39: 6211557DADBD6A11;
0E3A: 62319B9CADE3F33F;
0E3B: 6251D297AE0A8917;
0E3C: 6271FA68AE312B92;
0E3D: 6292130BAE57DAAB;
0E3E: 62B21C7BAE7E965C;
0E3F: 62D216B2AEA55E9E;
0E40: 62F201ACAECC336C;
0E41: 6311DD63AEF314C0;
0E42: 6331A9D4AF1A0294;
0E43: 635166F8AF40FCE1;
0E44: 637114CCAF6803A2;
0E45: 6390B349AF8F16D1;
0E46: 63B0426CAFB63668;
0E47: 63CFC230AFDD6260;
0E48: 63EF328FB0049AB4;
0E49: 640E9385B02BDF5D;
0E4A: 642DE50DB0533056;
0E4B: 644D2721B07A8D98;
0E4C: 646C59BFB0A1F71E;
0E4D: 648B7CDFB0C96CE0;
0E4E: 64AA907EB0F0EEDB;
0E4F: 64C99497B1187D06;
0E50: 64E88925B140175C;
0E51: 65076E24B167BDD7;
0E52: 6526438EB18F7071;
0E53: 6545095FB1B72F24;
0E54: 6563BF91B1DEF9E9;
0E55: 65826622B206D0BB;
0E56: 65A0FD0AB22EB393;
0E57: 65BF8447B256A26B;
0E58: 65DDFBD2B27E9D3D;
0E59: 65FC63A8B2A6A402;
0E5A: 661ABBC4B2CEB6B6;
0E5B: 66390421B2F6D550;
0E5C: 66573CBBB31EFFCC;
0E5D: 6675658CB3473623;
0E5E: 66937E90B36F784F;
0E5F: 66B187C3B397C64A;
0E60: 66CF811FB3C0200D;
0E61: 66ED6AA1B3E88592;
0E62: 670B4443B410F6D4;
0E63: 67290E01B43973CA;
0E64: 6746C7D7B461FC71;
0E65: 676471BFB48A90C1;
0E66: 67820BB6B4B330B3;
0E67: 679F95B6B4DBDC43;
0E68: 67BD0FBCB5049369;
0E69: 67DA79C2B52D561F;
0E6A: 67F7D3C4B556245F;
0E6B: 68151DBEB57EFE22;
0E6C: 683257AAB5A7E363;
0E6D: 684F8185B5D0D41B;
0E6E: 686C9B4AB5F9D043;
0E6F: 6889A4F5B622D7D6;
0E70: 68A69E80B64BEACD;
0E71: 68C387E8B6750922;
0E72: 68E06129B69E32CE;
0E73: 68FD2A3CB6C767CB;
0E74: 6919E31FB6F0A812;
0E75: 69368BCDB719F39E;
0E76: 69532441B7434A68;
0E77: 696FAC78B76CAC69;
0E78: 698C246BB796199C;
0E79: 69A88C18B7BF91F9;
0E7A: 69C4E37AB7E9157B;
0E7B: 69E12A8CB812A41A;
0E7C: 69FD614AB83C3DD2;
0E7D: 6A1987AFB865E29A;
0E7E: 6A359DB8B88F926D;
0E7F: 6A51A361B8B94D45;
0E80: 6A6D98A3B8E3131A;
0E81: 6A897D7DB90CE3E7;
0E82: 6AA551E8B936BFA4;
0E83: 6AC115E1B960A64C;
0E84: 6ADCC964B98A97D9;
0E85: 6AF86C6BB9B49443;
0E86: 6B13FEF4B9DE9B84;
0E87: 6B2F80FABA08AD95;
0E88: 6B4AF278BA32CA71;
0E89: 6B66536ABA5CF211;
0E8A: 6B81A3CCBA87246D;
0E8B: 6B9CE39ABAB16180;
0E8C: 6BB812D0BADBA944;
0E8D: 6BD33169BB05FBB1;
0E8E: 6BEE3F62BB3058C1;
0E8F: 6C093CB5BB5AC06D;
0E90: 6C24295FBB8532B0;
0E91: 6C3F055DBBAFAF82;
0E92: 6C59D0A8BBDA36DD;
0E93: 6C748B3FBC04C8BB;
0E94: 6C8F351BBC2F6514;
0E95: 6CA9CE3ABC5A0BE2;
0E96: 6CC45697BC84BD1F;
0E97: 6CDECE2EBCAF78C4;
0E98: 6CF934FBBCDA3ECB;
0E99: 6D138AFABD050F2D;
0E9A: 6D2DD027BD2FE9E2;
0E9B: 6D48047DBD5ACEE6;
0E9C: 6D6227F9BD85BE30;
0E9D: 6D7C3A97BDB0B7BB;
0E9E: 6D963C53BDDBBB80;
0E9F: 6DB02D28BE06C978;
0EA0: 6DCA0D14BE31E19C;
0EA1: 6DE3DC10BE5D03E6;
0EA2: 6DFD9A1BBE883050;
0EA3: 6E17472FBEB366D2;
0EA4: 6E30E349BEDEA766;
0EA5: 6E4A6E65BF09F205;
0EA6: 6E63E87FBF3546A9;
0EA7: 6E7D5192BF60A54A;
0EA8: 6E96A99CBF8C0DE3;
0EA9: 6EAFF098BFB7806D;
0EAA: 6EC92682BFE2FCE0;
0EAB: 6EE24B56C00E8336;
0EAC: 6EFB5F11C03A1369;
0EAD: 6F1461AFC065AD71;
0EAE: 6F2D532BC0915148;
0EAF: 6F463383C0BCFEE8;
0EB0: 6F5F02B1C0E8B649;
0EB1: 6F77C0B2C1147764;
0EB2: 6F906D83C1404234;
0EB3: 6FA90920C16C16B1;
0EB4: 6FC19384C197F4D4;
0EB5: 6FDA0CADC1C3DC97;
0EB6: 6FF27496C1EFCDF3;
0EB7: 700ACB3BC21BC8E1;
0EB8: 70231099C247CD5B;
0EB9: 703B44ACC273DB59;
0EBA: 70536770C29FF2D5;
0EBB: 706B78E2C2CC13C7;
0EBC: 708378FEC2F83E2B;
0EBD: 709B67C0C32471F7;
0EBE: 70B34524C350AF26;
0EBF: 70CB1127C37CF5B1;
0EC0: 70E2CBC5C3A94590;
0EC1: 70FA74FBC3D59EBE;
0EC2: 71120CC4C4020133;
0EC3: 7129931EC42E6CE9;
0EC4: 71410804C45AE1D7;
0EC5: 71586B73C4875FF9;
0EC6: 716FBD67C4B3E747;
0EC7: 7186FDDDC4E077B9;
0EC8: 719E2CD1C50D1149;
0EC9: 71B54A40C539B3F1;
0ECA: 71CC5626C5665FA9;
0ECB: 71E3507FC593146B;
0ECC: 71FA3948C5BFD22F;
0ECD: 7211107DC5EC98EE;
0ECE: 7227D61BC61968A3;
0ECF: 723E8A1FC6464145;
0ED0: 72552C84C67322CE;
0ED1: 726BBD48C6A00D37;
0ED2: 72823C66C6CD0079;
0ED3: 7298A9DCC6F9FC8E;
0ED4: 72AF05A6C727016D;
0ED5: 72C54FC0C7540F11;
0ED6: 72DB8827C7812572;
0ED7: 72F1AED8C7AE448A;
0ED8: 7307C3CFC7DB6C50;
0ED9: 731DC709C8089CC0;
0EDA: 7333B882C835D5D0;
0EDB: 73499837C863177C;
0EDC: 735F6625C89061BA;
0EDD: 73752248C8BDB486;
0EDE: 738ACC9DC8EB0FD6;
0EDF: 73A06521C91873A6;
0EE0: 73B5EBD0C945DFED;
0EE1: 73CB60A7C97354A4;
0EE2: 73E0C3A2C9A0D1C5;
0EE3: 73F614BFC9CE5748;
0EE4: 740B53FAC9FBE527;
0EE5: 7420814FCA297B5B;
0EE6: 74359CBCCA5719DC;
0EE7: 744AA63ECA84C0A3;
0EE8: 745F9DD0CAB26FAA;
0EE9: 74748370CAE026E8;
0EEA: 7489571BCB0DE659;
0EEB: 749E18CDCB3BADF3;
0EEC: 74B2C883CB697DB1;
0EED: 74C7663ACB97558A;
0EEE: 74DBF1EECBC53579;
0EEF: 74F06B9ECBF31D76;
0EF0: 7504D344CC210D79;
0EF1: 751928DFCC4F057C;
0EF2: 752D6C6BCC7D0578;
0EF3: 75419DE6CCAB0D66;
0EF4: 7555BD4BCCD91D3E;
0EF5: 7569CA98CD0734F9;
0EF6: 757DC5C9CD355491;
0EF7: 7591AEDCCD637BFE;
0EF8: 75A585CECD91AB39;
0EF9: 75B94A9CCDBFE23B;
0EFA: 75CCFD41CDEE20FD;
0EFB: 75E09DBCCE1C6777;
0EFC: 75F42C0ACE4AB5A3;
0EFD: 7607A827CE790B79;
0EFE: 761B1210CEA768F3;
0EFF: 762E69C3CED5CE08;
0F00: 7641AF3CCF043AB3;
0F01: 7654E278CF32AEEB;
0F02: 76680375CF612AAA;
0F03: 767B1230CF8FADE9;
0F04: 768E0EA5CFBE38A0;
0F05: 76A0F8D1CFECCAC8;
0F06: 76B3D0B3D01B6459;
0F07: 76C69646D04A054E;
0F08: 76D94988D078AD9E;
0F09: 76EBEA76D0A75D43;
0F0A: 76FE790DD0D61434;
0F0B: 7710F54BD104D26C;
0F0C: 77235F2CD13397E2;
0F0D: 7735B6AED1626490;
0F0E: 7747FBCDD191386E;
0F0F: 775A2E88D1C01375;
0F10: 776C4EDAD1EEF59E;
0F11: 777E5CC2D21DDEE2;
0F12: 7790583DD24CCF39;
0F13: 77A24147D27BC69D;
0F14: 77B417DFD2AAC505;
0F15: 77C5DC00D2D9CA6B;
0F16: 77D78DA9D308D6C7;
0F17: 77E92CD8D337EA12;
0F18: 77FAB988D3670446;
0F19: 780C33B7D396255A;
0F1A: 781D9B64D3C54D47;
0F1B: 782EF08AD3F47C07;
0F1C: 78403328D423B191;
0F1D: 7851633AD452EDDF;
0F1E: 786280BFD48230E9;
0F1F: 78738BB2D4B17AA8;
0F20: 78848413D4E0CB15;
0F21: 789569DED5102228;
0F22: 78A63D10D53F7FDA;
0F23: 78B6FDA7D56EE424;
0F24: 78C7ABA1D59E4EFF;
0F25: 78D846FAD5CDC063;
0F26: 78E8CFB1D5FD3848;
0F27: 78F945C2D62CB6A8;
0F28: 7909A92CD65C3B7B;
0F29: 7919F9EBD68BC6BA;
0F2A: 792A37FDD6BB585E;
0F2B: 793A6360D6EAF05F;
0F2C: 794A7C11D71A8EB6;
0F2D: 795A820DD74A335B;
0F2E: 796A7553D779DE47;
0F2F: 797A55E0D7A98F73;
0F30: 798A23B0D7D946D8;
0F31: 7999DEC3D809046E;
0F32: 79A98715D838C82D;
0F33: 79B91CA3D868920F;
0F34: 79C89F6DD898620C;
0F35: 79D80F6ED8C8381D;
0F36: 79E76CA6D8F8143A;
0F37: 79F6B710D927F65B;
0F38: 7A05EEACD957DE7B;
0F39: 7A151377D987CC90;
0F3A: 7A24256ED9B7C094;
0F3B: 7A33248FD9E7BA7F;
0F3C: 7A4210D8DA17BA4A;
0F3D: 7A50EA46DA47BFEE;
0F3E: 7A5FB0D7DA77CB63;
0F3F: 7A6E6489DAA7DCA2;
0F40: 7A7D055ADAD7F3A3;
0F41: 7A8B9347DB08105E;
0F42: 7A9A0E4FDB3832CE;
0F43: 7AA8766EDB685AE9;
0F44: 7AB6CBA3DB9888A9;
0F45: 7AC50DEBDBC8BC06;
0F46: 7AD33D44DBF8F4F9;
0F47: 7AE159ADDC29337A;
0F48: 7AEF6323DC597782;
0F49: 7AFD59A3DC89C109;
0F4A: 7B0B3D2BDCBA1008;
0F4B: 7B190DBBDCEA6478;
0F4C: 7B26CB4EDD1ABE51;
0F4D: 7B3475E4DD4B1D8C;
0F4E: 7B420D79DD7B8221;
0F4F: 7B4F920DDDABEC08;
0F50: 7B5D039DDDDC5B3B;
0F51: 7B6A6226DE0CCFB1;
0F52: 7B77ADA7DE3D4964;
0F53: 7B84E61EDE6DC84C;
0F54: 7B920B88DE9E4C61;
0F55: 7B9F1DE5DECED59B;
0F56: 7BAC1D30DEFF63F4;
0F57: 7BB9096ADF2FF764;
0F58: 7BC5E28FDF608FE4;
0F59: 7BD2A89DDF912D6B;
0F5A: 7BDF5B93DFC1CFF3;
0F5B: 7BEBFB6FDFF27773;
0F5C: 7BF8882FE02323E5;
0F5D: 7C0501D1E053D541;
0F5E: 7C116852E0848B80;
0F5F: 7C1DBBB2E0B54699;
0F60: 7C29FBEDE0E60685;
0F61: 7C362903E116CB3D;
0F62: 7C4242F1E14794BA;
0F63: 7C4E49B6E17862F3;
0F64: 7C5A3D4FE1A935E2;
0F65: 7C661DBBE1DA0D7F;
0F66: 7C71EAF8E20AE9C1;
0F67: 7C7DA504E23BCAA3;
0F68: 7C894BDDE26CB01B;
0F69: 7C94DF82E29D9A23;
0F6A: 7CA05FF0E2CE88B3;
0F6B: 7CABCD27E2FF7BC4;
0F6C: 7CB72723E330734D;
0F6D: 7CC26DE4E3616F48;
0F6E: 7CCDA168E3926FAD;
0F6F: 7CD8C1ADE3C37474;
0F70: 7CE3CEB1E3F47D96;
0F71: 7CEEC872E4258B0B;
0F72: 7CF9AEEFE4569CCB;
0F73: 7D048227E487B2D0;
0F74: 7D0F4217E4B8CD11;
0F75: 7D19EEBEE4E9EB87;
0F76: 7D24881AE51B0E2A;
0F77: 7D2F0E2AE54C34F3;
0F78: 7D3980EBE57D5FDB;
0F79: 7D43E05DE5AE8ED8;
0F7A: 7D4E2C7EE5DFC1E5;
0F7B: 7D58654CE610F8F9;
0F7C: 7D628AC5E642340D;
0F7D: 7D6C9CE8E673731A;
0F7E: 7D769BB4E6A4B616;
0F7F: 7D808727E6D5FCFC;
0F80: 7D8A5F3FE70747C4;
0F81: 7D9423FBE7389665;
0F82: 7D9DD559E769E8D8;
0F83: 7DA77358E79B3F16;
0F84: 7DB0FDF7E7CC9918;
0F85: 7DBA7533E7FDF6D4;
0F86: 7DC3D90CE82F5844;
0F87: 7DCD2980E860BD61;
0F88: 7DD6668EE8922622;
0F89: 7DDF9033E8C39280;
0F8A: 7DE8A66FE8F50273;
0F8B: 7DF1A941E92675F4;
0F8C: 7DFA98A7E957ECFB;
0F8D: 7E03749FE9896781;
0F8E: 7E0C3D28E9BAE57D;
0F8F: 7E14F241E9EC66E9;
0F90: 7E1D93E9EA1DEBBC;
0F91: 7E26221EEA4F73EF;
0F92: 7E2E9CDEEA80FF7A;
0F93: 7E370429EAB28E56;
0F94: 7E3F57FEEAE4207B;
0F95: 7E47985AEB15B5E1;
0F96: 7E4FC53DEB474E81;
0F97: 7E57DEA6EB78EA53;
0F98: 7E5FE492EBAA894F;
0F99: 7E67D702EBDC2B6E;
0F9A: 7E6FB5F3EC0DD0A8;
0F9B: 7E778165EC3F78F6;
0F9C: 7E7F3956EC71244F;
0F9D: 7E86DDC5ECA2D2AD;
0F9E: 7E8E6EB1ECD48407;
0F9F: 7E95EC19ED063856;
0FA0: 7E9D55FBED37EF92;
0FA1: 7EA4AC57ED69A9B3;
0FA2: 7EABEF2BED9B66B2;
0FA3: 7EB31E77EDCD2687;
0FA4: 7EBA3A38EDFEE92B;
0FA5: 7EC1426FEE30AE96;
0FA6: 7EC83719EE6276BF;
0FA7: 7ECF1836EE9441A0;
0FA8: 7ED5E5C5EEC60F31;
0FA9: 7EDC9FC5EEF7DF6A;
0FAA: 7EE34635EF29B243;
0FAB: 7EE9D913EF5B87B5;
0FAC: 7EF0585FEF8D5FB8;
0FAD: 7EF6C417EFBF3A45;
0FAE: 7EFD1C3BEFF11753;
0FAF: 7F0360CAF022F6DB;
0FB0: 7F0991C3F054D8D5;
0FB1: 7F0FAF24F086BD3A;
0FB2: 7F15B8EDF0B8A401;
0FB3: 7F1BAF1DF0EA8D24;
0FB4: 7F2191B3F11C789A;
0FB5: 7F2760AEF14E665C;
0FB6: 7F2D1C0DF1805663;
0FB7: 7F32C3D0F1B248A5;
0FB8: 7F3857F5F1E43D1C;
0FB9: 7F3DD87BF21633C1;
0FBA: 7F434562F2482C8A;
0FBB: 7F489EA9F27A2771;
0FBC: 7F4DE450F2AC246E;
0FBD: 7F531654F2DE2379;
0FBE: 7F5834B6F310248B;
0FBF: 7F5D3F74F342279B;
0FC0: 7F62368EF3742CA2;
0FC1: 7F671A04F3A63399;
0FC2: 7F6BE9D3F3D83C77;
0FC3: 7F70A5FDF40A4735;
0FC4: 7F754E7FF43C53CB;
0FC5: 7F79E359F46E6232;
0FC6: 7F7E648BF4A07261;
0FC7: 7F82D213F4D28451;
0FC8: 7F872BF2F50497FB;
0FC9: 7F8B7226F536AD56;
0FCA: 7F8FA4AFF568C45B;
0FCB: 7F93C38BF59ADD02;
0FCC: 7F97CEBCF5CCF744;
0FCD: 7F9BC63FF5FF1318;
0FCE: 7F9FAA14F6313077;
0FCF: 7FA37A3BF6634F59;
0FD0: 7FA736B3F6956FB7;
0FD1: 7FAADF7BF6C79188;
0FD2: 7FAE7494F6F9B4C6;
0FD3: 7FB1F5FBF72BD967;
0FD4: 7FB563B2F75DFF66;
0FD5: 7FB8BDB7F79026B9;
0FD6: 7FBC0409F7C24F59;
0FD7: 7FBF36A9F7F4793E;
0FD8: 7FC25595F826A462;
0FD9: 7FC560CEF858D0BB;
0FDA: 7FC85853F88AFE42;
0FDB: 7FCB3C22F8BD2CEF;
0FDC: 7FCE0C3DF8EF5CBB;
0FDD: 7FD0C8A2F9218D9E;
0FDE: 7FD37152F953BF91;
0FDF: 7FD6064BF985F28A;
0FE0: 7FD8878DF9B82684;
0FE1: 7FDAF518F9EA5B75;
0FE2: 7FDD4EEBFA1C9157;
0FE3: 7FDF9507FA4EC821;
0FE4: 7FE1C76AFA80FFCB;
0FE5: 7FE3E615FAB3384F;
0FE6: 7FE5F107FAE571A4;
0FE7: 7FE7E840FB17ABC2;
0FE8: 7FE9CBBFFB49E6A3;
0FE9: 7FEB9B84FB7C223D;
0FEA: 7FED5790FBAE5E89;
0FEB: 7FEEFFE0FBE09B80;
0FEC: 7FF09477FC12D91A;
0FED: 7FF21552FC45174E;
0FEE: 7FF38273FC775616;
0FEF: 7FF4DBD8FCA9956A;
0FF0: 7FF62181FCDBD541;
0FF1: 7FF7536FFD0E1594;
0FF2: 7FF871A1FD40565C;
0FF3: 7FF97C17FD729790;
0FF4: 7FFA72D0FDA4D929;
0FF5: 7FFB55CDFDD71B1E;
0FF6: 7FFC250EFE095D69;
0FF7: 7FFCE092FE3BA002;
0FF8: 7FFD8859FE6DE2E0;
0FF9: 7FFE1C64FEA025FD;
0FFA: 7FFE9CB1FED2694F;
0FFB: 7FFF0942FF04ACD0;
0FFC: 7FFF6215FF36F078;
0FFD: 7FFFA72BFF69343F;
0FFE: 7FFFD885FF9B781D;
0FFF: 7FFFF620FFCDBC0B;
END;
